"","id","submitdate","lastpage","startlanguage","informedConsent","noConsentReason","practiceBehavior_intention","practiceBehavior_attInstrumental","practiceBehavior_attExperiential","practiceBehavior_pnInjunctive","practiceBehavior_pnDescriptive","practiceBehavior_pbcCapacity","practiceBehavior_pbcControl","coffee_intention","coffee_attInstrumental","coffee_attExperiential","coffee_pnInjunctive","coffee_pnDescriptive","coffee_pbcCapacity","coffee_pbcControl","publicTransport_intention","publicTransport_attInstrumental","publicTransport_attExperiential","publicTransport_pnInjunctive","publicTransport_pnDescriptive","publicTransport_pbcCapacity","publicTransport_pbcControl","runRedLight_intention","runRedLight_attInstrumental","runRedLight_attExperiential","runRedLight_pnInjunctive","runRedLight_pnDescriptive","runRedLight_pbcCapacity","runRedLight_pbcControl","wasteSeparation_intention","wasteSeparation_attInstrumental","wasteSeparation_attExperiential","wasteSeparation_pnInjunctive","wasteSeparation_pnDescriptive","wasteSeparation_pbcCapacity","wasteSeparation_pbcControl","conSomebody_intention","conSomebody_attInstrumental","conSomebody_attExperiential","conSomebody_pnInjunctive","conSomebody_pnDescriptive","conSomebody_pbcCapacity","conSomebody_pbcControl","marathon_intention","marathon_attInstrumental","marathon_attExperiential","marathon_pnInjunctive","marathon_pnDescriptive","marathon_pbcCapacity","marathon_pbcControl","longShower_intention","longShower_attInstrumental","longShower_attExperiential","longShower_pnInjunctive","longShower_pnDescriptive","longShower_pbcCapacity","longShower_pbcControl","brushingTeeth_intention","brushingTeeth_attInstrumental","brushingTeeth_attExperiential","brushingTeeth_pnInjunctive","brushingTeeth_pnDescriptive","brushingTeeth_pbcCapacity","brushingTeeth_pbcControl","age","sex","sex_other","education","education_other","region","Totaaltijd","Groep.tijd..Toestemmingsverklaring","Vraagtijd..informedConsent","Groep.tijd..Geen.toestemming.gegeven.voor.deelname","Vraagtijd..noConsentReason","Groep.tijd..Oefenvraag..de.komende.minuten.een.vragenlijst.invullen","Vraagtijd..practiceBehavior","Groep.tijd..De.komende.maand.helemaal.geen.koffie.drinken","Vraagtijd..coffee","Groep.tijd..De.komende.maand.vooral.met.het.openbaar.vervoer.reizen","Vraagtijd..publicTransport","Groep.tijd..De.komende.maand.soms.door.rood.licht.fietsen","Vraagtijd..runRedLight","Groep.tijd..De.komende.maand.afval.altijd.nauwkeurig.scheiden","Vraagtijd..wasteSeparation","Groep.tijd..De.komende.maand.iemand.voor.10.000.euro.oplichten","Vraagtijd..conSomebody","Groep.tijd..De.komende.maand.een.marathon.uitlopen","Vraagtijd..marathon","Groep.tijd..De.komende.maand.vaak.extra.lang.douchen","Vraagtijd..longShower","Groep.tijd..De.komende.maand.elke.dag.je.tanden.poetsen","Vraagtijd..brushingTeeth","Groep.tijd..Algemene.informatie","Vraagtijd..age","Vraagtijd..sex","Vraagtijd..education","Vraagtijd..region"
"1",21,"1980-01-01 00:00:00",12,"nl-informal","yes",NA,5,5,5,5,1,4,4,1,3,2,5,2,4,5,2,5,3,5,3,1,1,1,1,1,1,2,3,5,5,5,3,5,4,5,5,1,1,1,1,1,1,5,1,1,1,3,2,1,5,3,3,5,4,3,3,2,5,5,5,5,5,5,5,28,"Vrouw",NA,"HBO",NA,35,NA,NA,NA,NA,NA,NA,NA,NA,NA,NA,NA,NA,NA,NA,NA,NA,NA,NA,NA,NA,NA,NA,NA,NA,NA,NA,NA,NA
"2",23,NA,NA,"nl-informal",NA,NA,NA,NA,NA,NA,NA,NA,NA,NA,NA,NA,NA,NA,NA,NA,NA,NA,NA,NA,NA,NA,NA,NA,NA,NA,NA,NA,NA,NA,NA,NA,NA,NA,NA,NA,NA,NA,NA,NA,NA,NA,NA,NA,NA,NA,NA,NA,NA,NA,NA,NA,NA,NA,NA,NA,NA,NA,NA,NA,NA,NA,NA,NA,NA,NA,NA,NA,NA,NA,NA,0,NA,NA,NA,NA,NA,NA,NA,NA,NA,NA,NA,NA,NA,NA,NA,NA,NA,NA,NA,NA,NA,NA,NA,NA,NA,NA,NA
"3",24,"1980-01-01 00:00:00",12,"nl-informal","yes",NA,5,3,3,4,3,5,5,5,5,5,3,3,5,5,2,3,2,4,4,3,3,4,2,3,3,4,4,4,1,3,1,4,3,2,3,1,3,3,1,2,1,4,1,3,1,5,3,1,5,1,2,3,2,3,4,3,5,5,3,5,4,5,5,21,"Vrouw",NA,"HBO",NA,97,345.34,24.59,NA,NA,NA,37.2,NA,34.91,NA,26.33,NA,27.01,NA,29.61,NA,32.69,NA,25.6,NA,41.36,NA,29.47,NA,36.57,NA,NA,NA,NA
"4",25,"1980-01-01 00:00:00",12,"nl-informal","yes",NA,5,5,4,5,1,5,5,1,2,2,5,2,4,5,5,5,5,5,4,5,5,3,2,3,3,4,5,5,3,4,3,5,3,4,5,1,1,1,1,1,2,4,2,3,3,5,3,3,4,2,2,3,2,2,4,4,5,5,5,5,4,5,5,20,"Vrouw",NA,"HBO",NA,97,389.19,19.31,NA,NA,NA,35.85,NA,47.01,NA,19.81,NA,39.63,NA,30.46,NA,50.48,NA,51.3,NA,40.65,NA,21.51,NA,33.18,NA,NA,NA,NA
"5",26,"1980-01-01 00:00:00",12,"nl-informal","yes",NA,5,5,3,4,3,4,5,5,5,5,5,3,5,5,4,4,1,4,4,5,5,3,2,2,2,3,5,5,5,5,5,5,4,5,5,1,1,1,1,1,1,5,1,4,2,4,2,5,5,2,2,4,3,3,5,5,5,5,5,5,5,5,5,24,"Vrouw",NA,"HBO",NA,11,2295.04,7.64,NA,NA,NA,60.87,NA,27.99,NA,29.2,NA,94.83,NA,24.38,NA,31.59,NA,23.07,NA,1952.68,NA,20.4,NA,22.39,NA,NA,NA,NA
"6",27,"1980-01-01 00:00:00",12,"nl-informal","yes",NA,5,4,4,4,1,4,5,1,1,1,1,3,5,5,3,3,3,3,2,5,5,1,2,2,4,3,5,5,4,5,4,5,3,4,5,1,1,1,1,1,1,5,1,1,1,1,1,1,5,1,1,3,1,2,5,5,5,5,5,5,5,5,5,58,"Vrouw",NA,"WO (bijvoorbeeld een MSc of PhD)",NA,89,396.62,27.24,NA,NA,NA,49.07,NA,30.46,NA,40.56,NA,28.28,NA,43.05,NA,37.09,NA,26.72,NA,35.6,NA,51.72,NA,26.83,NA,NA,NA,NA
"7",28,"1980-01-01 00:00:00",12,"nl-informal","yes",NA,5,4,3,4,5,5,2,5,1,5,3,4,5,5,2,4,1,5,2,4,5,4,2,4,1,3,5,4,4,5,3,5,4,5,5,1,1,1,1,1,1,5,1,1,1,1,2,1,5,2,3,5,1,2,5,4,5,5,4,5,5,5,5,47,"Vrouw",NA,"HBO",NA,97,891.35,23.16,NA,NA,NA,74.14,NA,238.41,NA,113.82,NA,78.51,NA,57.35,NA,51.66,NA,52.9,NA,69.13,NA,92.89,NA,39.38,NA,NA,NA,NA
"8",30,"1980-01-01 00:00:00",12,"nl-informal","yes",NA,5,3,2,5,2,5,5,5,5,5,5,2,5,5,3,4,2,5,4,5,4,1,1,1,2,3,3,5,3,5,3,5,3,5,3,1,1,1,1,1,1,5,1,2,1,3,2,3,5,2,4,4,4,2,5,4,5,5,5,5,4,5,5,18,"Vrouw",NA,"WO (bijvoorbeeld een MSc of PhD)",NA,60,313.63,32.8,NA,NA,NA,32.32,NA,22.03,NA,31.59,NA,26.35,NA,36.62,NA,28.87,NA,29.35,NA,25.46,NA,20.61,NA,27.63,NA,NA,NA,NA
"9",31,NA,NA,"nl-informal",NA,NA,NA,NA,NA,NA,NA,NA,NA,NA,NA,NA,NA,NA,NA,NA,NA,NA,NA,NA,NA,NA,NA,NA,NA,NA,NA,NA,NA,NA,NA,NA,NA,NA,NA,NA,NA,NA,NA,NA,NA,NA,NA,NA,NA,NA,NA,NA,NA,NA,NA,NA,NA,NA,NA,NA,NA,NA,NA,NA,NA,NA,NA,NA,NA,NA,NA,NA,NA,NA,NA,0,NA,NA,NA,NA,NA,NA,NA,NA,NA,NA,NA,NA,NA,NA,NA,NA,NA,NA,NA,NA,NA,NA,NA,NA,NA,NA,NA
"10",32,"1980-01-01 00:00:00",12,"nl-informal","yes",NA,5,4,2,3,1,4,5,1,3,2,3,3,4,5,1,2,1,4,3,2,5,4,2,3,2,3,4,5,5,5,5,4,4,4,5,1,1,1,1,1,1,5,1,2,2,3,2,2,5,2,2,4,3,2,5,5,5,5,5,5,5,5,5,27,"Vrouw",NA,"WO (bijvoorbeeld een MSc of PhD)",NA,52,299.63,12.18,NA,NA,NA,38.16,NA,34.04,NA,31.64,NA,45.33,NA,22.5,NA,17.93,NA,30.88,NA,32.75,NA,14.95,NA,19.27,NA,NA,NA,NA
"11",33,"1980-01-01 00:00:00",12,"nl-informal","yes",NA,5,5,3,5,2,5,4,2,5,4,3,4,5,5,3,4,3,5,3,5,3,2,2,3,3,5,5,5,5,5,3,5,4,5,5,1,1,1,1,1,2,3,1,2,1,3,2,2,4,2,1,1,2,2,5,4,5,5,4,5,5,5,5,37,"Vrouw",NA,"HBO",NA,65,532.05,19.34,NA,NA,NA,83.64,NA,35.98,NA,62.45,NA,64.27,NA,34.36,NA,50.82,NA,57.59,NA,51.77,NA,31.17,NA,40.66,NA,NA,NA,NA
"12",35,"1980-01-01 00:00:00",12,"nl-informal","yes",NA,5,3,3,5,1,5,5,1,1,1,5,2,2,5,1,2,2,5,3,2,4,2,2,2,2,3,4,4,4,4,4,5,4,4,4,1,1,1,1,1,1,4,1,1,1,2,2,2,4,3,2,3,3,3,4,4,5,5,5,5,5,5,5,42,"Man",NA,"HBO",NA,39,472.17,35.25,NA,NA,NA,49.57,NA,48.37,NA,46.3,NA,56.11,NA,54.23,NA,34.48,NA,53.19,NA,36.71,NA,27.21,NA,30.75,NA,NA,NA,NA
"13",37,"1980-01-01 00:00:00",12,"nl-informal","yes",NA,5,5,3,4,3,5,5,1,1,1,3,3,2,5,3,3,3,3,2,5,5,1,1,1,1,1,2,5,4,5,4,5,4,4,5,1,1,1,1,2,1,5,1,1,1,2,1,1,5,1,1,3,1,1,1,5,5,5,5,5,5,5,5,55,"Vrouw",NA,"HBO",NA,77,426.5,48.82,NA,NA,NA,59.91,NA,39.41,NA,32.53,NA,37.37,NA,37.91,NA,31.13,NA,37.59,NA,51.98,NA,24.39,NA,25.46,NA,NA,NA,NA
"14",38,"1980-01-01 00:00:00",12,"nl-informal","yes",NA,5,5,4,5,3,5,5,1,2,1,3,1,5,5,1,1,1,3,3,5,5,4,2,2,3,4,5,5,4,3,4,4,4,5,5,1,1,1,1,1,3,5,1,1,1,3,3,1,3,3,2,4,2,3,5,5,5,5,5,5,5,5,5,29,"Vrouw",NA,"WO (bijvoorbeeld een MSc of PhD)",NA,10,835.02,373.46,NA,NA,NA,56.04,NA,46.43,NA,49.33,NA,33.24,NA,66.62,NA,43.23,NA,40.73,NA,68.07,NA,19.11,NA,38.76,NA,NA,NA,NA
"15",39,"1980-01-01 00:00:00",12,"nl-informal","yes",NA,5,5,5,4,3,5,5,1,2,2,3,2,3,5,5,5,4,5,4,5,5,1,1,1,1,2,1,5,5,5,4,4,3,4,5,1,1,1,1,1,1,5,2,4,3,4,2,4,5,2,2,4,1,2,4,5,5,5,5,5,5,5,5,21,"Vrouw",NA,"HAVO / VWO",NA,77,245.96,12.71,NA,NA,NA,28.86,NA,27.58,NA,17.32,NA,22.74,NA,27.88,NA,12.61,NA,26.66,NA,21.15,NA,23.95,NA,24.5,NA,NA,NA,NA
"16",40,"1980-01-01 00:00:00",12,"nl-informal","yes",NA,5,5,5,5,3,5,5,5,5,5,5,3,5,5,2,2,2,5,3,5,5,1,1,1,1,1,1,5,5,5,5,5,5,5,5,1,1,1,1,1,1,5,3,3,3,3,3,3,5,3,3,4,3,3,5,5,5,5,5,5,5,5,5,40,"Vrouw",NA,"WO (bijvoorbeeld een MSc of PhD)",NA,17,514.32,70.77,NA,NA,NA,60.37,NA,37.14,NA,56.14,NA,47.17,NA,35.86,NA,39.5,NA,47.56,NA,53.35,NA,31.8,NA,34.66,NA,NA,NA,NA
"17",42,"1980-01-01 00:00:00",12,"nl-informal","yes",NA,5,5,3,5,3,5,5,5,5,5,4,5,5,5,1,1,1,3,2,1,2,3,2,4,3,3,4,4,3,5,3,4,3,3,4,1,1,1,1,1,1,5,1,2,2,3,2,4,5,1,1,4,3,2,3,4,5,5,5,5,5,5,5,41,"Vrouw",NA,NA,"post hbo",16,497.57,37.71,NA,NA,NA,59.76,NA,38.46,NA,45.49,NA,47.46,NA,59.52,NA,36.16,NA,43.02,NA,48.08,NA,25.78,NA,56.13,NA,NA,NA,NA
"18",43,"1980-01-01 00:00:00",12,"nl-informal","yes",NA,5,5,5,5,5,5,5,5,5,5,5,5,5,5,1,1,1,1,1,1,1,1,1,1,1,1,1,1,3,3,3,3,3,3,3,1,1,1,1,1,1,1,1,1,1,1,1,1,1,1,1,1,1,1,1,1,5,5,5,5,5,5,5,34,"Vrouw",NA,"HBO",NA,10,524.61,7.73,NA,NA,NA,30.93,NA,13.18,NA,278.32,NA,91.53,NA,10.51,NA,16.02,NA,7.35,NA,7.61,NA,25.71,NA,35.72,NA,NA,NA,NA
"19",44,"1980-01-01 00:00:00",12,"nl-informal","yes",NA,5,5,4,5,4,4,4,1,3,3,5,3,5,5,1,2,2,5,3,4,5,2,2,2,2,2,5,5,4,4,5,5,4,5,5,1,1,1,1,1,1,5,1,1,1,3,3,1,5,3,4,4,4,3,4,5,5,5,5,5,5,5,5,47,"Vrouw",NA,"WO (bijvoorbeeld een MSc of PhD)",NA,17,665.33,40.52,NA,NA,NA,182.64,NA,52.34,NA,61.89,NA,57.82,NA,56.65,NA,28.06,NA,46.03,NA,50.04,NA,32.52,NA,56.82,NA,NA,NA,NA
"20",45,"1980-01-01 00:00:00",12,"nl-informal","yes",NA,5,5,5,5,3,5,5,1,1,1,5,1,3,3,2,2,3,5,2,2,2,1,1,1,1,1,5,5,5,5,5,5,5,5,5,1,1,1,1,1,1,5,1,1,1,1,1,1,1,1,1,1,1,1,5,5,5,5,5,5,5,5,5,34,"Man",NA,"WO (bijvoorbeeld een MSc of PhD)",NA,0,496.51,59.63,NA,NA,NA,97.74,NA,41.82,NA,72.01,NA,21.48,NA,21.32,NA,57.04,NA,34.9,NA,23.95,NA,21.89,NA,44.73,NA,NA,NA,NA
"21",46,"1980-01-01 00:00:00",12,"nl-informal","yes",NA,5,5,5,5,1,5,5,1,1,1,5,1,3,5,1,1,1,5,1,5,5,1,1,1,1,1,5,5,5,5,5,5,5,5,5,1,1,1,1,1,1,5,1,1,1,1,1,1,5,1,1,1,1,1,5,5,5,5,5,5,5,5,5,34,"Man",NA,"HBO",NA,88,232.53,12.62,NA,NA,NA,27.99,NA,17.48,NA,24.6,NA,15.33,NA,13.3,NA,30.68,NA,13.26,NA,13.86,NA,35.19,NA,28.22,NA,NA,NA,NA
"22",47,"1980-01-01 00:00:00",12,"nl-informal","yes",NA,5,5,5,5,3,5,5,5,5,4,5,5,5,5,5,5,3,5,5,5,5,1,3,3,1,3,5,3,4,5,3,5,3,3,5,1,1,1,1,1,1,5,4,4,4,4,2,3,5,1,1,3,1,1,1,5,5,5,5,5,5,5,5,36,"Vrouw",NA,"HBO",NA,22,448.79,35.68,NA,NA,NA,47.1,NA,50.46,NA,28.78,NA,70.19,NA,40.81,NA,38.77,NA,42.46,NA,37.62,NA,20.97,NA,35.95,NA,NA,NA,NA
"23",48,"1980-01-01 00:00:00",12,"nl-informal","yes",NA,5,5,4,5,5,5,4,1,2,2,5,3,5,5,4,4,4,5,3,5,5,1,1,1,1,3,1,5,4,5,5,5,3,4,4,1,1,1,3,3,1,5,1,1,1,3,1,1,5,5,5,5,5,3,5,5,5,5,5,5,5,5,5,55,"Vrouw",NA,"WO (bijvoorbeeld een MSc of PhD)",NA,26,1739.1,52.53,NA,NA,NA,270,NA,154.6,NA,118.03,NA,202.07,NA,151.37,NA,291.55,NA,119.97,NA,119.57,NA,112.16,NA,147.25,NA,NA,NA,NA
"24",49,"1980-01-01 00:00:00",12,"nl-informal","yes",NA,5,4,3,4,2,5,5,1,4,3,3,3,4,5,1,3,3,3,3,4,5,3,3,3,2,2,5,5,4,4,4,5,3,5,5,1,1,1,1,1,3,5,1,1,1,1,1,1,5,3,4,4,3,2,5,5,5,5,4,4,5,5,5,61,"Vrouw",NA,"WO (bijvoorbeeld een MSc of PhD)",NA,52,486.14,19.56,NA,NA,NA,53.21,NA,35.89,NA,62.1,NA,46.67,NA,60.34,NA,43.61,NA,32.91,NA,32.53,NA,66.78,NA,32.54,NA,NA,NA,NA
"25",50,"1980-01-01 00:00:00",12,"nl-informal","yes",NA,5,5,3,4,2,5,4,1,2,2,3,2,4,4,3,4,3,4,3,4,3,1,1,1,2,2,4,4,5,4,3,4,3,5,5,1,2,2,1,2,2,4,1,1,1,4,1,2,3,2,2,3,2,2,4,5,5,5,4,5,4,5,5,31,"Man",NA,"HBO",NA,NA,371.89,10.12,NA,NA,NA,41.62,NA,29.88,NA,58.22,NA,34.39,NA,28.12,NA,48.25,NA,28.51,NA,36.13,NA,23.28,NA,33.37,NA,NA,NA,NA
"26",51,"1980-01-01 00:00:00",12,"nl-informal","yes",NA,5,3,3,3,3,4,5,5,5,5,4,2,5,5,2,2,3,5,3,5,5,4,2,3,2,3,5,5,1,3,3,4,3,5,5,1,1,1,1,1,1,5,1,1,1,3,2,1,5,3,1,5,2,3,5,5,5,5,5,5,5,5,5,32,"Man",NA,"HAVO / VWO",NA,12,412.12,40.86,NA,NA,NA,55.96,NA,44.96,NA,49.23,NA,43.68,NA,32.38,NA,26.41,NA,31.44,NA,29.82,NA,26.06,NA,31.32,NA,NA,NA,NA
"27",53,"1980-01-01 00:00:00",12,"nl-informal","yes",NA,5,5,5,5,5,5,5,1,1,1,5,3,3,5,2,3,2,5,3,4,5,4,4,3,2,4,4,5,5,5,5,5,4,5,5,1,1,1,1,1,1,5,1,1,1,5,1,2,5,1,1,3,1,2,5,5,5,5,5,5,5,5,5,55,"Vrouw",NA,"HBO",NA,23,384.04,32.39,NA,NA,NA,42.35,NA,35.34,NA,60.58,NA,37.82,NA,30.42,NA,27.41,NA,31.49,NA,32.42,NA,26.08,NA,27.74,NA,NA,NA,NA
"28",54,"1980-01-01 00:00:00",12,"nl-informal","yes",NA,5,4,3,5,1,4,5,1,4,2,5,3,2,5,4,2,3,5,3,3,5,3,3,3,2,4,4,5,3,4,2,5,4,4,5,1,1,1,1,1,2,5,1,2,1,5,1,1,5,2,2,4,3,3,5,5,5,5,5,5,3,5,5,25,"Vrouw",NA,"HBO",NA,10,804.52,68.75,NA,NA,NA,70.41,NA,68.1,NA,36.54,NA,76.81,NA,38.19,NA,120.77,NA,188.02,NA,59.78,NA,39.53,NA,37.62,NA,NA,NA,NA
"29",55,"1980-01-01 00:00:00",12,"nl-informal","yes",NA,5,5,3,4,1,5,5,1,4,2,3,2,4,5,5,5,5,3,4,5,4,1,3,3,3,5,4,5,2,5,2,3,2,5,5,1,3,3,3,2,2,3,1,5,3,3,2,5,5,1,3,3,3,3,5,5,5,5,5,5,5,5,5,29,"Man",NA,"WO (bijvoorbeeld een MSc of PhD)",NA,20,417.26,8.31,NA,NA,NA,60.69,NA,40.3,NA,34.68,NA,47.24,NA,35.64,NA,47.39,NA,36.79,NA,37.98,NA,29.99,NA,38.25,NA,NA,NA,NA
"30",56,"1980-01-01 00:00:00",12,"nl-informal","yes",NA,5,3,3,4,1,5,5,4,5,4,3,3,4,5,1,3,1,1,1,3,3,1,1,1,1,1,5,3,4,4,4,4,3,4,4,1,1,1,1,1,1,4,1,1,1,1,1,2,4,1,1,2,2,2,3,3,5,5,5,5,5,5,5,35,"Vrouw",NA,"WO (bijvoorbeeld een MSc of PhD)",NA,29,1519.85,33.94,NA,NA,NA,41.05,NA,177.86,NA,58.38,NA,47.07,NA,423.94,NA,421.09,NA,43.64,NA,53.9,NA,27.72,NA,191.26,NA,NA,NA,NA
"31",57,"1980-01-01 00:00:00",12,"nl-informal","yes",NA,5,5,4,5,2,5,5,1,1,1,3,3,3,5,4,5,5,5,4,5,4,1,1,1,1,2,3,4,4,5,5,5,4,5,5,1,1,1,1,1,2,5,1,1,1,4,3,3,4,2,2,4,3,3,5,4,5,5,5,5,5,5,5,48,"Vrouw",NA,"HBO",NA,65,442.76,36.96,NA,NA,NA,55.16,NA,41.73,NA,42.74,NA,30.99,NA,39.34,NA,44.18,NA,37.74,NA,45.49,NA,33.46,NA,34.97,NA,NA,NA,NA
"32",58,NA,NA,"nl-informal",NA,NA,NA,NA,NA,NA,NA,NA,NA,NA,NA,NA,NA,NA,NA,NA,NA,NA,NA,NA,NA,NA,NA,NA,NA,NA,NA,NA,NA,NA,NA,NA,NA,NA,NA,NA,NA,NA,NA,NA,NA,NA,NA,NA,NA,NA,NA,NA,NA,NA,NA,NA,NA,NA,NA,NA,NA,NA,NA,NA,NA,NA,NA,NA,NA,NA,NA,NA,NA,NA,NA,0,NA,NA,NA,NA,NA,NA,NA,NA,NA,NA,NA,NA,NA,NA,NA,NA,NA,NA,NA,NA,NA,NA,NA,NA,NA,NA,NA
"33",59,"1980-01-01 00:00:00",12,"nl-informal","yes",NA,5,3,3,5,3,4,5,2,4,3,3,2,5,5,1,2,1,5,2,4,4,1,1,1,1,1,1,3,4,5,5,5,4,5,5,1,1,1,1,1,1,3,1,1,1,5,2,4,5,2,3,3,4,3,5,5,5,5,5,5,5,5,5,25,"Vrouw",NA,"HAVO / VWO",NA,74,559.82,30.94,NA,NA,NA,101.91,NA,53.32,NA,49.01,NA,43.57,NA,48.94,NA,70.33,NA,50.04,NA,44.67,NA,21.14,NA,45.95,NA,NA,NA,NA
"34",60,"1980-01-01 00:00:00",12,"nl-informal","yes",NA,5,4,3,5,3,5,5,4,5,4,5,4,5,5,1,3,4,4,3,5,5,2,2,2,2,2,4,5,4,5,5,5,4,5,5,1,1,1,1,1,3,5,1,1,1,1,1,3,4,2,2,2,3,3,4,5,5,5,5,5,5,5,5,26,"Vrouw",NA,"HBO",NA,97,546,40.48,NA,NA,NA,160.32,NA,23.97,NA,37.18,NA,26.61,NA,35.7,NA,36.12,NA,38.83,NA,50.5,NA,60.89,NA,35.4,NA,NA,NA,NA
"35",61,NA,NA,"nl-informal",NA,NA,NA,NA,NA,NA,NA,NA,NA,NA,NA,NA,NA,NA,NA,NA,NA,NA,NA,NA,NA,NA,NA,NA,NA,NA,NA,NA,NA,NA,NA,NA,NA,NA,NA,NA,NA,NA,NA,NA,NA,NA,NA,NA,NA,NA,NA,NA,NA,NA,NA,NA,NA,NA,NA,NA,NA,NA,NA,NA,NA,NA,NA,NA,NA,NA,NA,NA,NA,NA,NA,0,NA,NA,NA,NA,NA,NA,NA,NA,NA,NA,NA,NA,NA,NA,NA,NA,NA,NA,NA,NA,NA,NA,NA,NA,NA,NA,NA
"36",62,"1980-01-01 00:00:00",12,"nl-informal","yes",NA,5,5,3,5,5,5,5,1,5,1,5,2,5,5,5,5,5,5,5,5,5,1,1,1,1,3,5,5,2,5,5,5,2,5,5,1,1,1,1,1,5,5,1,2,2,5,3,5,5,1,3,5,5,3,5,5,5,5,5,5,4,5,5,22,"Vrouw",NA,"HBO",NA,56,332.21,7.14,NA,NA,NA,45.09,NA,28.89,NA,44.36,NA,24.55,NA,32.8,NA,21,NA,30.75,NA,49.98,NA,20.49,NA,27.16,NA,NA,NA,NA
"37",63,"1980-01-01 00:00:00",12,"nl-informal","yes",NA,5,5,3,5,1,5,5,1,3,1,3,2,5,5,1,3,1,3,1,3,5,1,1,1,1,1,5,5,3,5,2,5,3,5,5,1,1,1,1,1,1,5,1,3,3,4,1,1,5,1,3,3,3,2,5,5,5,5,5,5,5,5,5,34,"Vrouw",NA,"WO (bijvoorbeeld een MSc of PhD)",NA,46,1094.45,53.49,NA,NA,NA,109.15,NA,123,NA,106.26,NA,81.02,NA,169.47,NA,88.44,NA,68.37,NA,217.38,NA,25.49,NA,52.38,NA,NA,NA,NA
"38",65,"1980-01-01 00:00:00",12,"nl-informal","yes",NA,5,3,3,4,2,5,4,5,5,5,5,2,5,5,2,3,2,4,3,4,5,2,3,3,2,4,4,2,4,4,3,4,3,4,5,1,2,1,1,2,3,3,1,2,2,4,2,1,3,2,4,4,2,3,4,4,5,5,5,5,5,5,5,36,"Vrouw",NA,"HBO",NA,34,349.31,18.65,NA,NA,NA,44.86,NA,38.6,NA,32.54,NA,33.67,NA,29.9,NA,35.75,NA,38.58,NA,27.74,NA,25.81,NA,23.21,NA,NA,NA,NA
"39",67,"1980-01-01 00:00:00",12,"nl-informal","yes",NA,5,4,3,5,2,5,5,1,3,2,5,3,5,5,1,2,1,5,3,5,5,2,3,3,3,4,5,5,4,5,4,5,3,5,4,1,1,1,1,2,3,4,1,2,1,5,3,5,5,1,2,2,4,3,5,5,5,5,5,5,5,5,5,24,"Vrouw",NA,"WO (bijvoorbeeld een MSc of PhD)",NA,56,522.39,46.22,NA,NA,NA,44.64,NA,28.55,NA,33.83,NA,50.77,NA,38.43,NA,98.65,NA,30.34,NA,73.48,NA,23.01,NA,54.47,NA,NA,NA,NA
"40",68,"1980-01-01 00:00:00",12,"nl-informal","yes",NA,5,5,5,5,3,4,5,1,3,1,5,1,5,5,3,4,4,5,3,5,5,1,3,3,3,3,3,5,1,5,5,5,1,1,1,1,1,1,1,1,1,5,1,3,3,5,1,1,5,1,4,4,3,1,5,5,5,5,5,5,5,5,5,46,"Vrouw",NA,"WO (bijvoorbeeld een MSc of PhD)",NA,78,676.79,60.3,NA,NA,NA,63.96,NA,55.12,NA,62.66,NA,49.06,NA,56.03,NA,62.84,NA,76.98,NA,55.38,NA,44.85,NA,89.61,NA,NA,NA,NA
"41",69,"1980-01-01 00:00:00",12,"nl-informal","yes",NA,5,5,5,5,2,5,5,1,4,1,5,3,2,2,1,1,2,5,3,5,3,3,1,3,1,3,5,5,5,5,5,5,4,5,5,1,1,1,1,1,3,5,1,1,1,5,2,1,5,1,4,4,3,3,4,4,5,5,3,5,5,5,5,41,"Man",NA,"HBO",NA,37,289.88,6.92,NA,NA,NA,31.44,NA,30.07,NA,45.29,NA,29.8,NA,18.16,NA,28.05,NA,21.8,NA,25.45,NA,22.69,NA,30.21,NA,NA,NA,NA
"42",70,"1980-01-01 00:00:00",12,"nl-informal","yes",NA,5,5,3,5,1,4,5,2,5,3,3,2,5,4,1,1,1,3,3,2,4,3,4,4,3,4,5,4,1,2,1,5,3,2,2,1,1,1,1,1,1,5,1,1,1,5,2,1,5,3,3,4,2,3,3,3,5,5,4,5,5,5,5,45,"Vrouw",NA,"HBO",NA,10,552.15,43.98,NA,NA,NA,53.41,NA,52.78,NA,45.86,NA,51.47,NA,60.75,NA,53.44,NA,46.26,NA,61.89,NA,33.49,NA,48.82,NA,NA,NA,NA
"43",71,"1980-01-01 00:00:00",12,"nl-informal","yes",NA,5,3,3,3,3,5,1,1,2,1,3,3,2,5,1,3,2,3,3,3,5,3,3,3,2,3,5,2,4,5,2,5,3,4,4,1,1,1,1,1,1,4,1,1,1,5,3,1,5,3,4,5,2,3,5,4,5,5,4,5,5,5,4,54,"Vrouw",NA,"HBO",NA,10,495.03,38.82,NA,NA,NA,82.58,NA,45.71,NA,46.46,NA,45,NA,42.2,NA,46.79,NA,30.48,NA,39.3,NA,27.08,NA,50.61,NA,NA,NA,NA
"44",72,"1980-01-01 00:00:00",12,"nl-informal","yes",NA,5,3,4,4,3,4,5,1,3,2,3,3,3,5,2,2,1,1,1,4,3,2,2,2,2,3,4,5,2,4,5,4,3,2,1,1,1,1,1,2,2,5,1,1,1,2,2,1,5,2,3,4,2,2,4,5,5,5,4,4,4,5,5,52,"Man",NA,"WO (bijvoorbeeld een MSc of PhD)",NA,23,350.26,10.22,NA,NA,NA,50.73,NA,34.64,NA,42.01,NA,30.84,NA,31.89,NA,26.01,NA,24.58,NA,36.75,NA,30.44,NA,32.15,NA,NA,NA,NA
"45",73,"1980-01-01 00:00:00",12,"nl-informal","yes",NA,5,5,3,5,1,5,5,1,2,1,3,1,3,5,2,1,1,3,3,1,5,1,1,1,1,1,1,5,4,4,4,4,3,5,5,1,1,1,1,1,4,5,3,4,5,4,3,5,5,4,5,5,3,3,4,5,5,5,5,5,3,5,5,33,"Vrouw",NA,"HBO",NA,19,602.47,7.46,NA,NA,NA,61.74,NA,67.83,NA,52.48,NA,54.67,NA,51.08,NA,48.57,NA,30.32,NA,55.5,NA,38.3,NA,134.52,NA,NA,NA,NA
"46",76,"1980-01-01 00:00:00",12,"nl-informal","yes",NA,5,5,3,5,1,5,5,1,3,2,5,1,4,5,1,1,1,3,1,2,5,1,3,3,3,3,3,5,3,3,3,4,3,4,4,1,1,1,1,1,1,5,1,1,1,3,1,2,5,2,4,4,3,3,4,5,5,5,4,5,4,4,5,34,"Vrouw",NA,"HBO",NA,72,3011.33,41.62,NA,NA,NA,62.19,NA,75.8,NA,46.65,NA,50.52,NA,100.98,NA,45.64,NA,54.38,NA,60.35,NA,41.58,NA,2431.62,NA,NA,NA,NA
"47",78,"1980-01-01 00:00:00",12,"nl-informal","yes",NA,5,3,3,5,3,5,5,1,1,1,3,1,4,5,1,2,2,3,2,4,5,1,1,1,1,3,3,5,5,5,3,4,4,5,5,1,1,1,1,1,1,5,1,1,1,3,1,1,5,3,5,5,3,3,5,5,5,5,3,5,5,5,5,36,"Man",NA,"HAVO / VWO",NA,93,477.41,20.02,NA,NA,NA,58.52,NA,45.06,NA,41.08,NA,32.79,NA,43.88,NA,27.83,NA,22.02,NA,25.41,NA,28.05,NA,132.75,NA,NA,NA,NA
"48",79,"1980-01-01 00:00:00",12,"nl-informal","yes",NA,3,3,3,3,3,3,3,1,1,1,2,2,4,4,3,3,3,3,3,4,4,2,2,2,2,2,5,5,3,3,4,4,4,5,5,2,2,2,3,3,3,3,4,4,4,4,4,4,3,4,3,4,4,4,4,5,2,3,3,3,3,3,5,32,"Man",NA,"HAVO / VWO",NA,12,103.46,3.99,NA,NA,NA,7.79,NA,8.91,NA,7.89,NA,9.82,NA,7.21,NA,16.93,NA,6.32,NA,8.26,NA,14.36,NA,11.98,NA,NA,NA,NA
"49",80,"1980-01-01 00:00:00",12,"nl-informal","yes",NA,5,3,3,5,1,5,5,5,5,5,5,5,5,5,2,2,2,5,2,5,5,2,1,2,4,3,5,5,5,5,3,5,5,5,5,1,1,1,1,1,1,5,1,2,2,3,1,1,5,4,5,5,3,4,4,4,5,5,4,5,5,5,5,31,"Vrouw",NA,"HBO",NA,48,519.39,32.42,NA,NA,NA,61.64,NA,27.05,NA,55.95,NA,81.67,NA,57.97,NA,40.51,NA,35.56,NA,52.31,NA,39.35,NA,34.96,NA,NA,NA,NA
"50",81,"1980-01-01 00:00:00",12,"nl-informal","yes",NA,5,5,4,5,3,5,5,1,1,1,3,3,2,3,1,3,3,3,3,5,5,1,1,3,1,3,5,5,5,5,5,5,5,5,5,1,1,1,1,1,1,5,1,1,5,5,1,3,5,3,4,4,3,3,4,5,5,5,5,5,5,5,5,39,"Man",NA,"WO (bijvoorbeeld een MSc of PhD)",NA,97,467.54,39.1,NA,NA,NA,50.94,NA,62.44,NA,42.11,NA,43.98,NA,33.13,NA,41.78,NA,43.37,NA,43.96,NA,31.83,NA,34.9,NA,NA,NA,NA
"51",82,"1980-01-01 00:00:00",12,"nl-informal","yes",NA,5,5,5,5,2,5,4,1,4,1,3,2,4,5,5,5,4,4,4,5,5,3,3,3,2,4,5,5,2,4,2,4,3,5,5,1,1,1,1,1,1,3,1,4,4,4,3,2,4,1,2,1,3,2,4,4,5,5,5,5,5,5,5,47,"Vrouw",NA,"HBO",NA,25,578.93,33.7,NA,NA,NA,44.88,NA,59.63,NA,35.37,NA,53.39,NA,61.86,NA,51.97,NA,49,NA,59.17,NA,40.56,NA,89.4,NA,NA,NA,NA
"52",85,"1980-01-01 00:00:00",12,"nl-informal","yes",NA,5,5,2,5,5,5,3,3,4,4,5,2,4,5,1,5,1,5,3,5,3,2,1,1,2,3,5,5,1,5,2,4,3,4,4,1,1,1,1,1,1,5,1,3,1,1,2,1,5,3,5,5,5,4,5,5,5,5,4,5,5,5,5,33,"Vrouw",NA,"WO (bijvoorbeeld een MSc of PhD)",NA,13,434.65,14.19,NA,NA,NA,44.84,NA,44.43,NA,33.95,NA,72.64,NA,61.66,NA,23.3,NA,54.67,NA,25.47,NA,24,NA,35.5,NA,NA,NA,NA
"53",86,"1980-01-01 00:00:00",12,"nl-informal","yes",NA,5,5,5,5,5,5,5,1,4,4,5,3,5,5,2,4,2,4,2,4,5,2,2,5,4,2,5,4,3,5,4,5,4,5,5,1,1,1,1,1,2,5,1,2,1,4,2,2,5,2,1,2,2,2,5,5,5,5,5,5,5,5,5,26,"Vrouw",NA,"WO (bijvoorbeeld een MSc of PhD)",NA,37,386.1,24.47,NA,NA,NA,30.53,NA,36.84,NA,38.5,NA,35.91,NA,40.05,NA,38.64,NA,32.43,NA,33.22,NA,32.71,NA,42.8,NA,NA,NA,NA
"54",87,"1980-01-01 00:00:00",12,"nl-informal","yes",NA,5,5,5,5,5,5,5,1,3,2,5,3,5,5,1,2,1,5,3,5,5,1,3,3,5,3,5,5,1,3,3,5,3,5,5,1,1,1,1,1,1,1,1,1,1,5,1,1,5,1,3,3,5,1,5,5,5,5,5,5,5,5,5,60,"Man",NA,"WO (bijvoorbeeld een MSc of PhD)",NA,37,839.18,91.37,NA,NA,NA,87.81,NA,89.15,NA,94.65,NA,62.15,NA,58.18,NA,104.49,NA,45.92,NA,106.26,NA,54.28,NA,44.92,NA,NA,NA,NA
"55",88,"1980-01-01 00:00:00",12,"nl-informal","yes",NA,5,5,5,5,4,5,5,2,3,2,3,1,5,5,3,3,3,3,3,3,3,1,1,1,1,2,1,5,4,4,4,4,4,4,4,1,1,1,1,1,1,5,1,1,1,1,2,1,5,2,2,2,2,2,2,5,5,5,5,5,5,5,5,42,"Vrouw",NA,"HBO",NA,15,302.66,9.08,NA,NA,NA,47.97,NA,40.5,NA,19.79,NA,46.28,NA,34.47,NA,21.93,NA,24.14,NA,16.21,NA,17,NA,25.29,NA,NA,NA,NA
"56",89,"1980-01-01 00:00:00",12,"nl-informal","yes",NA,5,4,3,5,3,5,4,5,3,5,5,2,5,5,3,3,1,3,3,3,4,1,1,1,2,2,5,5,4,5,4,5,4,5,5,1,1,1,1,1,2,4,1,3,1,4,3,2,5,1,1,3,1,1,4,3,5,5,5,5,5,5,5,20,"Vrouw",NA,"WO (bijvoorbeeld een MSc of PhD)",NA,54,936.58,185.3,NA,NA,NA,79.66,NA,49.47,NA,75.17,NA,34.55,NA,94.61,NA,176.9,NA,45.95,NA,71.29,NA,45.04,NA,78.64,NA,NA,NA,NA
"57",90,"1980-01-01 00:00:00",12,"nl-informal","yes",NA,4,4,4,3,3,4,4,1,3,2,3,3,3,4,3,3,3,3,3,3,4,1,1,1,1,1,1,4,4,4,4,4,3,4,4,1,1,1,1,1,1,3,2,2,1,3,3,2,4,1,1,1,1,1,2,4,4,4,4,4,3,4,4,51,"Vrouw",NA,"HBO",NA,90,485.65,41.3,NA,NA,NA,64.21,NA,57.11,NA,30.96,NA,40.85,NA,33.54,NA,49.1,NA,35.76,NA,44.05,NA,48.44,NA,40.33,NA,NA,NA,NA
"58",91,NA,2,"nl-informal","yes",NA,NA,NA,NA,NA,NA,NA,NA,NA,NA,NA,NA,NA,NA,NA,NA,NA,NA,NA,NA,NA,NA,NA,NA,NA,NA,NA,NA,NA,NA,NA,NA,NA,NA,NA,NA,NA,NA,NA,NA,NA,NA,NA,NA,NA,NA,NA,NA,NA,NA,NA,NA,NA,NA,NA,NA,NA,NA,NA,NA,NA,NA,NA,NA,NA,NA,NA,NA,NA,NA,6.21,6.21,NA,NA,NA,NA,NA,NA,NA,NA,NA,NA,NA,NA,NA,NA,NA,NA,NA,NA,NA,NA,NA,NA,NA,NA,NA,NA
"59",92,NA,2,"nl-informal","yes",NA,NA,NA,NA,NA,NA,NA,NA,NA,NA,NA,NA,NA,NA,NA,NA,NA,NA,NA,NA,NA,NA,NA,NA,NA,NA,NA,NA,NA,NA,NA,NA,NA,NA,NA,NA,NA,NA,NA,NA,NA,NA,NA,NA,NA,NA,NA,NA,NA,NA,NA,NA,NA,NA,NA,NA,NA,NA,NA,NA,NA,NA,NA,NA,NA,NA,NA,NA,NA,NA,4.78,4.78,NA,NA,NA,NA,NA,NA,NA,NA,NA,NA,NA,NA,NA,NA,NA,NA,NA,NA,NA,NA,NA,NA,NA,NA,NA,NA
"60",93,"1980-01-01 00:00:00",12,"nl-informal","yes",NA,5,5,4,5,2,5,5,1,2,1,3,2,1,5,1,3,3,5,2,4,5,1,1,1,1,2,3,5,5,5,5,5,4,5,5,1,1,1,1,1,1,5,1,1,1,1,2,3,5,4,5,5,3,3,5,5,5,5,5,5,4,5,5,47,"Vrouw",NA,"MBO (bijvoorbeeld een ROC)",NA,37,464.81,37.53,NA,NA,NA,51.77,NA,47.34,NA,56.32,NA,35.56,NA,33.81,NA,30.46,NA,38.58,NA,40.61,NA,47.48,NA,45.35,NA,NA,NA,NA
"61",95,"1980-01-01 00:00:00",12,"nl-informal","yes",NA,5,5,5,5,1,5,5,5,5,5,3,4,5,5,1,1,1,5,3,5,4,4,2,4,3,4,4,4,5,5,5,5,4,5,5,1,1,1,1,1,3,3,1,1,1,4,3,4,4,2,2,4,3,3,5,4,5,5,5,5,5,5,5,38,"Vrouw",NA,"WO (bijvoorbeeld een MSc of PhD)",NA,10,466.74,51.25,NA,NA,NA,44.06,NA,53.62,NA,43.82,NA,47.6,NA,37.22,NA,39.27,NA,48.17,NA,48.36,NA,20.32,NA,33.05,NA,NA,NA,NA
"62",96,"1980-01-01 00:00:00",12,"nl-informal","yes",NA,5,5,3,3,3,5,5,3,3,3,3,2,5,5,1,3,3,3,3,5,5,5,3,3,3,3,5,5,4,4,4,4,4,5,5,1,1,1,1,1,1,5,1,3,3,3,2,5,4,1,1,2,1,2,4,4,5,5,5,4,4,5,5,31,"Man",NA,"WO (bijvoorbeeld een MSc of PhD)",NA,20,400.45,14.89,NA,NA,NA,55.38,NA,26.46,NA,43.78,NA,41.33,NA,64.31,NA,32.59,NA,32.53,NA,34.9,NA,30.3,NA,23.98,NA,NA,NA,NA
"63",97,NA,NA,"nl-informal",NA,NA,NA,NA,NA,NA,NA,NA,NA,NA,NA,NA,NA,NA,NA,NA,NA,NA,NA,NA,NA,NA,NA,NA,NA,NA,NA,NA,NA,NA,NA,NA,NA,NA,NA,NA,NA,NA,NA,NA,NA,NA,NA,NA,NA,NA,NA,NA,NA,NA,NA,NA,NA,NA,NA,NA,NA,NA,NA,NA,NA,NA,NA,NA,NA,NA,NA,NA,NA,NA,NA,0,NA,NA,NA,NA,NA,NA,NA,NA,NA,NA,NA,NA,NA,NA,NA,NA,NA,NA,NA,NA,NA,NA,NA,NA,NA,NA,NA
"64",98,"1980-01-01 00:00:00",12,"nl-informal","yes",NA,5,2,1,3,1,5,3,2,3,2,3,1,5,5,2,3,2,3,1,5,5,1,1,1,1,1,5,5,3,3,1,4,1,3,5,1,2,1,1,1,1,1,1,3,3,3,1,2,2,3,3,3,3,1,5,5,5,5,3,5,1,5,5,26,"Man",NA,"HAVO / VWO",NA,37,448.04,9.4,NA,NA,NA,55.22,NA,40.35,NA,40.25,NA,34.61,NA,50.1,NA,44.92,NA,34.59,NA,41.03,NA,52.9,NA,44.67,NA,NA,NA,NA
"65",99,"1980-01-01 00:00:00",12,"nl-informal","yes",NA,3,4,2,2,2,4,2,1,1,1,5,3,5,5,4,4,4,4,3,4,4,2,2,2,2,3,2,5,2,5,4,5,3,4,4,1,1,1,1,3,1,4,1,1,1,2,3,1,4,4,2,5,2,3,4,4,5,5,5,5,3,5,5,41,"Vrouw",NA,"WO (bijvoorbeeld een MSc of PhD)",NA,97,378.74,7.3,NA,NA,NA,43.37,NA,44.96,NA,25.1,NA,36.58,NA,45.8,NA,36.46,NA,38.56,NA,42.19,NA,25.07,NA,33.35,NA,NA,NA,NA
"66",103,"1980-01-01 00:00:00",12,"nl-informal","yes",NA,5,5,4,4,4,5,5,5,5,5,5,3,5,5,5,5,5,5,4,5,5,1,1,1,1,2,1,5,3,5,3,3,3,4,4,1,1,1,1,1,1,5,1,4,2,3,3,3,5,3,3,4,3,3,4,4,5,5,5,5,4,5,5,20,"Vrouw",NA,"HBO",NA,50,1588.77,39.48,NA,NA,NA,169.49,NA,178.7,NA,215.44,NA,91.17,NA,149.8,NA,166.44,NA,155.65,NA,136.45,NA,129.37,NA,156.78,NA,NA,NA,NA
"67",104,"1980-01-01 00:00:00",12,"nl-informal","yes",NA,5,5,5,5,2,5,4,1,3,2,4,3,3,4,1,3,1,3,2,4,4,1,1,1,1,1,5,4,3,3,4,4,4,4,4,1,1,1,1,1,2,3,1,1,1,3,1,1,1,1,3,2,4,2,5,5,5,5,5,5,5,5,5,39,"Vrouw",NA,"WO (bijvoorbeeld een MSc of PhD)",NA,41,438.85,59.78,NA,NA,NA,56.47,NA,31.41,NA,44.31,NA,33.69,NA,31.62,NA,34.1,NA,39.45,NA,55.24,NA,19.21,NA,33.57,NA,NA,NA,NA
"68",105,"1980-01-01 00:00:00",12,"nl-informal","yes",NA,5,5,5,5,5,5,5,1,5,1,5,2,5,5,1,3,1,5,3,5,5,1,1,1,1,1,5,5,4,5,2,5,4,5,5,1,1,1,1,1,1,5,1,1,1,1,1,1,5,1,3,1,3,3,5,5,5,5,5,5,5,5,5,40,"Vrouw",NA,"HBO",NA,35,334.84,6.05,NA,NA,NA,43.04,NA,31.72,NA,30.99,NA,32.93,NA,32.76,NA,27.5,NA,32.32,NA,36.01,NA,30.58,NA,30.94,NA,NA,NA,NA
"69",107,"1980-01-01 00:00:00",12,"nl-informal","yes",NA,5,4,3,3,1,5,5,1,3,1,3,1,4,5,2,3,2,2,2,2,4,1,2,2,1,2,4,5,5,4,3,3,4,5,5,1,1,1,1,1,1,3,1,1,1,1,1,1,5,1,2,2,3,3,4,5,5,5,5,5,4,5,5,55,"Vrouw",NA,"HBO",NA,36,426.01,6.55,NA,NA,NA,58.15,NA,39.95,NA,62.66,NA,34.69,NA,43.42,NA,49.36,NA,26.17,NA,43.03,NA,31.28,NA,30.75,NA,NA,NA,NA
"70",109,"1980-01-01 00:00:00",12,"nl-informal","yes",NA,5,4,4,4,4,4,4,1,2,1,5,2,5,5,1,2,1,5,3,5,5,2,2,3,1,2,5,5,3,3,3,5,3,5,5,1,1,1,1,1,3,5,2,2,1,5,3,3,5,3,2,4,4,4,4,5,5,5,5,5,5,5,5,32,"Vrouw",NA,"HBO",NA,18,396.72,6.95,NA,NA,NA,50.19,NA,27.36,NA,45.9,NA,43.15,NA,34.94,NA,28.13,NA,33.96,NA,66.64,NA,31.86,NA,27.64,NA,NA,NA,NA
"71",110,"1980-01-01 00:00:00",12,"nl-informal","yes",NA,5,2,2,3,3,5,5,5,5,5,3,5,5,5,5,5,5,5,5,5,5,4,4,4,2,4,4,5,2,3,1,4,2,4,5,1,1,1,1,1,1,5,1,1,1,3,1,1,3,1,3,2,1,1,5,5,5,5,5,5,5,5,5,39,"Vrouw",NA,"HBO",NA,30,297.82,7.53,NA,NA,NA,39.83,NA,28.33,NA,21.55,NA,27.01,NA,43.76,NA,22.68,NA,29.54,NA,37.4,NA,14.25,NA,25.94,NA,NA,NA,NA
"72",111,"1980-01-01 00:00:00",12,"nl-informal","yes",NA,5,3,2,5,2,5,5,4,4,3,5,2,5,5,1,2,2,4,4,5,4,1,2,2,1,2,5,5,3,4,2,5,3,5,4,1,5,1,1,1,2,4,1,4,2,5,1,1,3,1,3,4,1,2,4,4,5,5,3,5,5,5,5,21,"Vrouw",NA,"HAVO / VWO",NA,97,367.2,19.4,NA,NA,NA,46.15,NA,48.42,NA,36.86,NA,32.2,NA,36.36,NA,33.22,NA,27.67,NA,45.45,NA,17.9,NA,23.57,NA,NA,NA,NA
"73",113,"1980-01-01 00:00:00",12,"nl-informal","yes",NA,5,4,4,4,4,3,3,5,5,5,5,5,5,4,4,3,4,4,5,4,5,1,1,1,2,1,2,2,5,5,4,4,5,5,4,1,2,1,2,1,2,2,2,2,2,3,2,2,3,4,4,5,5,4,4,4,4,3,4,4,5,4,4,31,"Man",NA,"HBO",NA,54,140.71,5.84,NA,NA,NA,14.61,NA,30.53,NA,8.25,NA,9.85,NA,10.31,NA,9.99,NA,9.5,NA,10.63,NA,9.58,NA,21.62,NA,NA,NA,NA
"74",114,"1980-01-01 00:00:00",12,"nl-informal","yes",NA,5,3,4,5,1,5,5,1,1,1,3,1,5,5,5,5,5,5,3,5,5,3,1,3,1,1,5,5,2,5,3,5,1,5,5,1,1,1,1,1,1,5,2,2,1,5,1,4,5,1,1,3,2,1,5,5,5,5,5,5,5,5,5,28,"Vrouw",NA,"WO (bijvoorbeeld een MSc of PhD)",NA,25,423.31,32.61,NA,NA,NA,50.34,NA,37.77,NA,39.97,NA,27.11,NA,29.1,NA,45.5,NA,80.87,NA,22.39,NA,23.36,NA,34.29,NA,NA,NA,NA
"75",115,NA,NA,"nl-informal",NA,NA,NA,NA,NA,NA,NA,NA,NA,NA,NA,NA,NA,NA,NA,NA,NA,NA,NA,NA,NA,NA,NA,NA,NA,NA,NA,NA,NA,NA,NA,NA,NA,NA,NA,NA,NA,NA,NA,NA,NA,NA,NA,NA,NA,NA,NA,NA,NA,NA,NA,NA,NA,NA,NA,NA,NA,NA,NA,NA,NA,NA,NA,NA,NA,NA,NA,NA,NA,NA,NA,0,NA,NA,NA,NA,NA,NA,NA,NA,NA,NA,NA,NA,NA,NA,NA,NA,NA,NA,NA,NA,NA,NA,NA,NA,NA,NA,NA
"76",116,"1980-01-01 00:00:00",12,"nl-informal","yes",NA,5,5,5,5,5,5,5,5,5,5,5,5,5,5,1,5,5,5,5,1,1,1,3,3,3,3,4,5,1,5,3,5,1,1,1,1,1,1,1,1,1,5,1,5,3,5,5,2,5,1,1,1,1,1,4,5,5,5,5,5,5,5,5,36,"Vrouw",NA,"HBO",NA,22,449.02,35.3,NA,NA,NA,47.56,NA,38.88,NA,45.9,NA,41.39,NA,44.4,NA,54.01,NA,43.64,NA,43.22,NA,31,NA,23.72,NA,NA,NA,NA
"77",117,"1980-01-01 00:00:00",12,"nl-informal","yes",NA,5,5,3,4,2,5,4,5,3,3,3,2,5,5,1,3,2,3,2,4,4,1,1,1,2,2,4,4,4,4,4,4,4,5,5,1,1,1,1,1,1,4,1,1,1,1,1,1,5,2,2,4,2,2,5,5,5,4,4,4,5,5,5,37,"Man",NA,"HAVO / VWO",NA,97,1471.83,202.41,NA,NA,NA,60.82,NA,678.62,NA,82.64,NA,56.64,NA,43.47,NA,47.88,NA,38.94,NA,94.8,NA,57.2,NA,108.41,NA,NA,NA,NA
"78",118,"1980-01-01 00:00:00",12,"nl-informal","yes",NA,5,4,4,4,3,5,4,4,4,2,3,3,2,4,1,1,1,3,3,1,5,1,1,1,1,5,4,1,4,2,2,3,3,2,3,1,1,1,1,3,1,5,1,1,1,1,3,1,3,1,3,3,3,3,2,2,5,5,5,3,3,5,5,60,"Vrouw",NA,"HBO",NA,51,630.24,8.55,NA,NA,NA,84.4,NA,65.34,NA,37.93,NA,86.7,NA,75.29,NA,43.46,NA,49.14,NA,97.47,NA,28.68,NA,53.28,NA,NA,NA,NA
"79",120,"1980-01-01 00:00:00",12,"nl-informal","yes",NA,4,4,3,4,4,5,3,1,3,3,3,2,5,5,1,3,3,3,2,4,4,2,3,3,2,2,4,4,3,4,3,4,3,5,4,1,1,1,1,1,1,2,1,3,3,5,1,3,5,2,3,3,2,2,4,4,5,5,5,5,5,5,5,28,"Man",NA,"HBO",NA,61,669.19,30.42,NA,NA,NA,57.14,NA,51.08,NA,53.5,NA,52.63,NA,61.07,NA,40.83,NA,28.37,NA,240.4,NA,26.97,NA,26.78,NA,NA,NA,NA
"80",121,"1980-01-01 00:00:00",12,"nl-informal","yes",NA,5,4,3,5,2,5,5,5,5,5,5,2,5,5,5,5,3,5,3,4,4,4,1,2,1,3,5,5,1,5,3,5,3,5,5,1,1,1,1,2,1,5,1,5,3,5,2,3,5,1,1,5,1,2,4,2,4,5,4,5,2,5,5,18,"Vrouw",NA,"HAVO / VWO",NA,60,431.64,14.52,NA,NA,NA,68.34,NA,36.92,NA,37.9,NA,39.3,NA,33.88,NA,31.67,NA,42.22,NA,35.26,NA,36.12,NA,55.51,NA,NA,NA,NA
"81",122,"1980-01-01 00:00:00",12,"nl-informal","yes",NA,5,4,4,5,2,5,5,4,5,5,5,4,5,5,1,3,1,5,1,1,5,1,1,1,2,1,2,5,1,5,5,5,1,1,2,1,1,1,1,1,1,5,1,2,2,5,4,4,5,2,3,3,4,3,5,5,5,5,5,5,5,5,5,44,"Vrouw",NA,"HBO",NA,33,317.14,22.26,NA,NA,NA,38.98,NA,25.49,NA,24.78,NA,31.05,NA,31.54,NA,21.15,NA,29.12,NA,38.26,NA,22.86,NA,31.65,NA,NA,NA,NA
"82",124,"1980-01-01 00:00:00",12,"nl-informal","yes",NA,5,5,5,5,3,5,5,2,3,2,4,1,5,5,5,5,4,5,5,4,4,1,1,1,1,4,2,5,2,3,2,4,2,4,4,1,1,1,1,1,2,5,2,5,4,5,2,2,4,2,3,4,2,4,4,5,4,5,4,5,4,4,5,18,"Vrouw",NA,"HAVO / VWO",NA,55,667.59,56.1,NA,NA,NA,61.01,NA,184.33,NA,46.02,NA,27.56,NA,40.37,NA,49.91,NA,43.9,NA,60.22,NA,40.66,NA,57.51,NA,NA,NA,NA
"83",126,"1980-01-01 00:00:00",12,"nl-informal","yes",NA,5,4,4,5,3,5,5,1,3,2,3,2,4,5,4,4,3,5,4,5,3,2,2,2,1,3,2,4,4,5,3,5,4,4,4,1,1,1,1,1,1,3,1,4,3,5,2,2,4,3,3,4,2,3,4,5,5,5,5,5,5,5,5,19,"Vrouw",NA,"HBO",NA,NA,563.26,17.84,NA,NA,NA,58.93,NA,61.87,NA,43.98,NA,55.9,NA,38.58,NA,63.34,NA,68.02,NA,45.67,NA,65.27,NA,43.86,NA,NA,NA,NA
"84",127,"1980-01-01 00:00:00",12,"nl-informal","yes",NA,5,5,3,4,2,5,4,5,5,5,5,3,5,5,5,5,3,5,5,5,5,1,4,4,1,3,5,5,5,5,3,5,3,5,5,1,1,1,1,2,5,5,1,3,1,5,3,4,5,3,3,3,3,4,3,5,5,5,3,5,4,5,5,18,"Man",NA,"HAVO / VWO",NA,60,1836.26,32.12,NA,NA,NA,115.87,NA,22.56,NA,23.9,NA,33.84,NA,46.34,NA,1240.41,NA,45.26,NA,36.19,NA,77.08,NA,162.69,NA,NA,NA,NA
"85",128,"1980-01-01 00:00:00",12,"nl-informal","yes",NA,5,4,4,4,4,4,3,5,5,5,5,3,5,5,3,4,3,3,3,3,4,1,3,2,1,4,5,5,4,4,4,4,4,5,4,1,1,1,1,1,3,5,1,4,4,5,3,5,5,1,3,2,3,1,4,5,5,4,3,4,3,5,5,18,"Man",NA,"HAVO / VWO",NA,60,3118.88,6.26,NA,NA,NA,11.61,NA,17.89,NA,9.59,NA,25.58,NA,2941.6,NA,15.15,NA,20.14,NA,20.69,NA,15.89,NA,34.48,NA,NA,NA,NA
"86",129,"1980-01-01 00:00:00",12,"nl-informal","yes",NA,5,3,3,5,1,5,5,5,5,5,5,5,5,5,4,5,3,5,5,5,5,1,1,1,1,2,5,5,5,5,5,5,5,5,5,1,1,1,1,1,1,5,1,3,1,5,1,3,5,1,2,3,4,3,5,5,5,5,5,5,5,5,5,21,"Man",NA,"HBO",NA,56,420.86,5.62,NA,NA,NA,87.16,NA,34.34,NA,41.83,NA,40.31,NA,53.72,NA,30.52,NA,36.4,NA,42.27,NA,14.98,NA,33.71,NA,NA,NA,NA
"87",131,"1980-01-01 00:00:00",12,"nl-informal","yes",NA,5,5,5,5,5,5,5,2,3,3,3,3,4,5,1,2,2,4,5,3,5,1,1,1,1,2,1,5,5,5,5,5,4,5,5,1,1,1,5,1,1,5,1,1,1,1,1,1,5,3,4,4,4,2,4,5,5,5,5,5,5,5,5,21,"Vrouw",NA,"HAVO / VWO",NA,55,573.05,7.98,NA,NA,NA,22.4,NA,41.8,NA,54.34,NA,42.32,NA,40.2,NA,43.43,NA,25.34,NA,229.44,NA,42.03,NA,23.77,NA,NA,NA,NA
"88",132,"1980-01-01 00:00:00",12,"nl-informal","yes",NA,5,5,4,5,3,5,5,1,1,1,3,2,4,5,1,2,2,1,2,4,5,1,1,1,1,1,1,5,5,5,5,4,4,5,5,1,1,1,1,1,1,5,1,1,1,5,2,1,5,1,1,3,3,2,2,5,5,5,5,5,5,5,5,50,"Vrouw",NA,"HBO",NA,80,921.19,40.69,NA,NA,NA,78.17,NA,69.57,NA,112.14,NA,71.87,NA,102.74,NA,94.7,NA,51.82,NA,138.38,NA,63.55,NA,97.56,NA,NA,NA,NA
"89",134,"1980-01-01 00:00:00",12,"nl-informal","yes",NA,3,4,4,2,3,4,3,1,4,1,2,3,2,3,2,2,2,2,2,4,5,1,1,1,1,1,3,5,2,3,2,5,2,5,5,1,1,1,1,1,4,5,1,2,3,2,3,5,5,3,4,3,4,3,5,5,5,5,5,5,5,5,5,24,"Man",NA,"WO (bijvoorbeeld een MSc of PhD)",NA,17,341.01,22.62,NA,NA,NA,35.7,NA,33.67,NA,51.04,NA,46.5,NA,26.03,NA,22.31,NA,23.72,NA,12.43,NA,20.3,NA,46.69,NA,NA,NA,NA
"90",135,"1980-01-01 00:00:00",12,"nl-informal","yes",NA,4,3,3,3,1,4,5,2,3,2,3,3,5,5,1,2,1,3,3,4,5,2,3,2,3,3,4,4,4,4,4,3,3,5,5,1,1,1,1,3,1,5,1,3,3,3,3,4,5,3,3,4,3,3,4,5,5,5,5,5,3,5,5,34,"Vrouw",NA,"HBO",NA,89,573,45.05,NA,NA,NA,78.86,NA,48.07,NA,45.36,NA,41.49,NA,74.14,NA,52.72,NA,48.1,NA,37.55,NA,48.19,NA,53.47,NA,NA,NA,NA
"91",136,"1980-01-01 00:00:00",12,"nl-informal","yes",NA,4,4,3,5,2,5,5,5,5,5,5,2,5,5,1,3,1,3,4,5,5,2,1,1,2,3,5,5,4,4,4,4,4,4,5,1,1,1,1,1,4,5,1,5,1,5,1,2,2,1,3,5,3,4,5,5,4,5,5,5,5,5,5,20,"Vrouw",NA,"WO (bijvoorbeeld een MSc of PhD)",NA,67,223.75,7.09,NA,NA,NA,25.1,NA,22.53,NA,22.53,NA,21.83,NA,13.8,NA,18.54,NA,19.32,NA,27.44,NA,18.14,NA,27.43,NA,NA,NA,NA
"92",137,NA,NA,"nl-informal",NA,NA,NA,NA,NA,NA,NA,NA,NA,NA,NA,NA,NA,NA,NA,NA,NA,NA,NA,NA,NA,NA,NA,NA,NA,NA,NA,NA,NA,NA,NA,NA,NA,NA,NA,NA,NA,NA,NA,NA,NA,NA,NA,NA,NA,NA,NA,NA,NA,NA,NA,NA,NA,NA,NA,NA,NA,NA,NA,NA,NA,NA,NA,NA,NA,NA,NA,NA,NA,NA,NA,0,NA,NA,NA,NA,NA,NA,NA,NA,NA,NA,NA,NA,NA,NA,NA,NA,NA,NA,NA,NA,NA,NA,NA,NA,NA,NA,NA
"93",138,"1980-01-01 00:00:00",12,"nl-informal","yes",NA,5,3,2,4,2,4,1,2,4,3,3,3,5,5,5,4,3,4,4,4,4,3,2,3,2,4,3,4,4,3,4,5,3,5,5,1,1,1,1,1,1,3,1,4,3,5,2,4,5,2,3,5,2,2,4,4,5,5,3,4,4,5,5,20,"Vrouw",NA,"HAVO / VWO",NA,NA,780.71,34.91,NA,NA,NA,108.23,NA,50.28,NA,111.95,NA,123.55,NA,72.46,NA,73.27,NA,57.08,NA,55.15,NA,51.05,NA,42.78,NA,NA,NA,NA
"94",139,"1980-01-01 00:00:00",12,"nl-informal","yes",NA,5,5,4,5,2,5,5,1,4,1,5,2,2,5,2,4,5,5,3,5,5,3,3,3,3,3,5,4,4,5,5,5,4,5,4,1,1,1,1,2,1,3,1,1,1,5,2,2,5,2,4,4,3,3,4,4,5,5,5,5,4,5,4,37,"Vrouw",NA,"WO (bijvoorbeeld een MSc of PhD)",NA,50,414.15,50.52,NA,NA,NA,42.57,NA,32.59,NA,45.46,NA,28.04,NA,38.04,NA,33.3,NA,26.16,NA,46.19,NA,29.56,NA,41.72,NA,NA,NA,NA
"95",140,"1980-01-01 00:00:00",12,"nl-informal","yes",NA,5,3,3,5,3,5,5,1,3,2,3,2,5,5,3,4,2,4,3,4,5,4,4,4,3,4,3,5,4,4,4,5,4,4,5,1,1,1,1,2,1,5,1,1,1,3,2,3,5,2,1,3,1,2,4,5,5,5,5,5,5,5,5,22,"Vrouw",NA,"HBO",NA,10,1159.42,9.96,NA,NA,NA,84.23,NA,48.97,NA,48.27,NA,62.25,NA,54.97,NA,649.93,NA,56.42,NA,59.96,NA,29.66,NA,54.8,NA,NA,NA,NA
"96",141,"1980-01-01 00:00:00",12,"nl-informal","yes",NA,5,3,2,5,5,5,2,1,3,1,4,1,4,5,2,2,2,3,4,5,1,5,2,3,1,3,5,5,2,5,4,5,2,5,5,1,1,1,1,1,1,5,2,4,2,1,1,5,5,3,2,5,3,1,5,5,5,5,5,5,5,5,5,20,"Vrouw",NA,"HBO",NA,56,415.94,14.14,NA,NA,NA,47.18,NA,59.78,NA,47.96,NA,48.03,NA,34.71,NA,24.65,NA,37.88,NA,36.69,NA,23.5,NA,41.42,NA,NA,NA,NA
"97",142,"1980-01-01 00:00:00",12,"nl-informal","yes",NA,5,4,3,4,4,5,4,5,5,5,5,1,5,5,4,4,4,3,4,5,4,5,5,4,2,5,4,5,4,4,3,5,2,3,3,5,5,1,1,2,2,5,2,4,2,4,1,5,4,3,3,3,2,4,3,4,5,5,5,5,5,5,5,18,"Man",NA,"HBO",NA,56,537.06,7.68,NA,NA,NA,72.28,NA,31.67,NA,33.15,NA,32.9,NA,202.99,NA,52.25,NA,49.95,NA,18.3,NA,13.57,NA,22.32,NA,NA,NA,NA
"98",143,"1980-01-01 00:00:00",12,"nl-informal","yes",NA,5,4,4,4,3,5,5,4,5,5,5,4,5,5,1,2,1,2,1,1,2,2,2,4,2,2,2,5,4,5,2,4,3,4,3,1,1,1,1,1,1,1,1,3,5,4,1,1,2,4,5,5,1,4,4,5,5,5,5,5,5,5,5,23,"Vrouw",NA,NA,"Belgische professionele bachelor opleiding",25,670.57,103.76,NA,NA,NA,73.92,NA,72.01,NA,48.07,NA,78.08,NA,73.13,NA,25.21,NA,50.33,NA,37.27,NA,28.58,NA,80.21,NA,NA,NA,NA
"99",146,"1980-01-01 00:00:00",12,"nl-informal","yes",NA,5,5,5,5,2,5,5,1,1,1,5,3,5,5,1,2,2,5,3,4,4,4,2,5,3,4,5,5,2,4,2,5,4,5,5,1,1,1,1,1,2,5,1,1,1,4,2,2,4,2,3,4,4,4,5,5,5,5,5,5,5,5,5,NA,"Vrouw",NA,"WO (bijvoorbeeld een MSc of PhD)",NA,35,2703.43,2317.81,NA,NA,NA,54.61,NA,31.62,NA,39.31,NA,50.61,NA,38.86,NA,34.94,NA,43.51,NA,42.38,NA,23.23,NA,26.55,NA,NA,NA,NA
"100",148,"1980-01-01 00:00:00",12,"nl-informal","yes",NA,5,5,5,5,1,5,5,1,5,1,3,1,5,5,3,5,3,5,3,5,5,4,3,5,2,3,5,5,4,5,3,5,4,5,5,1,1,1,1,1,1,5,1,5,1,5,1,3,5,1,2,3,2,1,5,5,5,5,5,5,5,5,5,43,"Vrouw",NA,"WO (bijvoorbeeld een MSc of PhD)",NA,75,429.91,8.05,NA,NA,NA,57.56,NA,48.05,NA,48.8,NA,36.99,NA,47.6,NA,46.08,NA,39.45,NA,45.32,NA,18.15,NA,33.86,NA,NA,NA,NA
"101",149,"1980-01-01 00:00:00",12,"nl-informal","yes",NA,5,3,3,5,4,5,5,4,4,4,5,2,5,5,4,4,3,5,4,5,4,1,1,1,1,3,4,5,3,4,4,4,3,4,4,1,1,1,1,1,1,5,1,3,3,4,2,2,4,4,4,4,3,3,4,4,5,5,4,5,5,5,5,18,"Vrouw",NA,"HAVO / VWO",NA,60,429.09,28.08,NA,NA,NA,43.48,NA,62.17,NA,42.76,NA,33.51,NA,28.36,NA,82.6,NA,35.43,NA,25.89,NA,22.65,NA,24.16,NA,NA,NA,NA
"102",150,"1980-01-01 00:00:00",12,"nl-informal","yes",NA,5,3,3,5,1,5,5,1,1,1,3,1,1,5,5,5,5,5,5,5,5,1,1,1,1,3,1,5,3,3,3,4,3,3,5,1,1,1,1,1,1,5,1,1,1,1,1,1,5,4,3,5,1,3,5,5,5,5,5,5,4,5,5,18,"Vrouw",NA,"HAVO / VWO",NA,52,1161.53,874.74,NA,NA,NA,71.22,NA,25.91,NA,19.37,NA,21.1,NA,22.72,NA,28.88,NA,15.09,NA,27.52,NA,28.07,NA,26.91,NA,NA,NA,NA
"103",154,NA,3,"nl-informal","yes",NA,5,5,4,4,4,4,4,NA,NA,NA,NA,NA,NA,NA,NA,NA,NA,NA,NA,NA,NA,NA,NA,NA,NA,NA,NA,NA,NA,NA,NA,NA,NA,NA,NA,2,2,2,1,1,NA,5,NA,NA,NA,NA,NA,NA,NA,NA,NA,NA,NA,NA,NA,NA,NA,NA,NA,NA,NA,NA,NA,NA,NA,NA,NA,NA,NA,107.45,8.16,NA,NA,NA,20.39,NA,NA,NA,NA,NA,NA,NA,NA,NA,78.9,NA,NA,NA,NA,NA,NA,NA,NA,NA,NA,NA,NA
"104",155,"1980-01-01 00:00:00",12,"nl-informal","yes",NA,5,5,3,3,1,5,5,1,5,2,3,2,3,5,1,2,2,5,3,5,4,2,2,4,3,4,5,5,5,5,4,5,4,5,5,1,4,3,1,2,3,4,1,1,1,3,2,1,2,1,3,5,1,3,5,5,5,5,5,5,4,5,5,35,"Man",NA,"HBO",NA,30,418.81,7.81,NA,NA,NA,66.1,NA,38.47,NA,37.56,NA,45.17,NA,21.78,NA,47.53,NA,41.55,NA,49.7,NA,23.74,NA,39.4,NA,NA,NA,NA
"105",156,"1980-01-01 00:00:00",12,"nl-informal","yes",NA,5,4,4,3,2,5,5,1,4,2,3,1,4,5,4,4,4,5,3,4,5,1,1,1,1,2,2,5,4,4,4,5,4,4,4,1,1,1,1,1,2,5,1,3,3,4,2,3,5,1,2,2,1,1,1,5,5,5,5,5,2,5,5,46,"Man",NA,"HBO",NA,16,737.13,287.28,NA,NA,NA,64.29,NA,38.06,NA,47.49,NA,43.33,NA,26.08,NA,30.72,NA,35.3,NA,29.02,NA,90.83,NA,44.73,NA,NA,NA,NA
"106",157,"1980-01-01 00:00:00",12,"nl-informal","yes",NA,5,4,4,3,1,5,4,5,5,3,3,5,5,5,3,3,3,2,3,4,5,4,4,4,3,4,5,5,2,4,4,3,4,4,5,1,1,1,1,1,3,5,1,1,1,3,1,1,5,1,2,3,3,1,5,5,5,5,5,3,5,5,5,50,"Vrouw",NA,NA,"bachelor",35,530.81,29.83,NA,NA,NA,73.69,NA,52.93,NA,64.85,NA,38.4,NA,47.2,NA,46.71,NA,39.84,NA,40.48,NA,28.32,NA,68.56,NA,NA,NA,NA
"107",158,NA,NA,"nl-informal",NA,NA,NA,NA,NA,NA,NA,NA,NA,NA,NA,NA,NA,NA,NA,NA,NA,NA,NA,NA,NA,NA,NA,NA,NA,NA,NA,NA,NA,NA,NA,NA,NA,NA,NA,NA,NA,NA,NA,NA,NA,NA,NA,NA,NA,NA,NA,NA,NA,NA,NA,NA,NA,NA,NA,NA,NA,NA,NA,NA,NA,NA,NA,NA,NA,NA,NA,NA,NA,NA,NA,0,NA,NA,NA,NA,NA,NA,NA,NA,NA,NA,NA,NA,NA,NA,NA,NA,NA,NA,NA,NA,NA,NA,NA,NA,NA,NA,NA
"108",159,"1980-01-01 00:00:00",12,"nl-informal","yes",NA,5,5,4,5,3,5,5,1,2,1,3,5,4,5,1,3,3,3,2,4,5,2,2,1,1,2,2,5,4,5,5,4,4,5,5,1,1,1,1,1,3,5,1,2,1,4,2,3,5,3,4,5,3,3,5,5,5,5,5,5,5,5,5,48,"Vrouw",NA,"WO (bijvoorbeeld een MSc of PhD)",NA,18,481.37,66.41,NA,NA,NA,46.95,NA,57.36,NA,54.86,NA,36.49,NA,45.07,NA,26.96,NA,47.07,NA,47.16,NA,23.46,NA,29.58,NA,NA,NA,NA
"109",161,"1980-01-01 00:00:00",12,"nl-informal","yes",NA,5,5,5,5,3,5,3,1,4,1,4,2,2,3,3,4,2,4,3,4,4,2,2,3,3,3,4,4,1,3,3,4,3,4,4,1,1,1,1,1,3,5,1,2,2,5,3,1,2,2,2,5,3,3,5,4,5,5,3,5,4,4,5,36,"Man",NA,"WO (bijvoorbeeld een MSc of PhD)",NA,25,395.9,13.86,NA,NA,NA,44.3,NA,34.32,NA,35.37,NA,34,NA,35,NA,53.92,NA,43.62,NA,44.03,NA,27.3,NA,30.18,NA,NA,NA,NA
"110",162,"1980-01-01 00:00:00",12,"nl-informal","yes",NA,5,4,3,4,1,5,4,1,3,1,3,3,4,5,1,3,2,3,2,5,4,1,2,3,2,3,5,5,4,5,3,5,3,5,5,1,1,2,1,1,4,5,1,5,5,4,3,5,4,1,3,3,3,2,5,5,3,4,2,5,3,4,5,39,"Man",NA,"HBO",NA,98,489.04,107.25,NA,NA,NA,40.56,NA,37.14,NA,52.52,NA,33.6,NA,37.76,NA,41.16,NA,35.63,NA,31,NA,37.03,NA,35.39,NA,NA,NA,NA
"111",163,NA,NA,"nl-informal",NA,NA,NA,NA,NA,NA,NA,NA,NA,NA,NA,NA,NA,NA,NA,NA,NA,NA,NA,NA,NA,NA,NA,NA,NA,NA,NA,NA,NA,NA,NA,NA,NA,NA,NA,NA,NA,NA,NA,NA,NA,NA,NA,NA,NA,NA,NA,NA,NA,NA,NA,NA,NA,NA,NA,NA,NA,NA,NA,NA,NA,NA,NA,NA,NA,NA,NA,NA,NA,NA,NA,0,NA,NA,NA,NA,NA,NA,NA,NA,NA,NA,NA,NA,NA,NA,NA,NA,NA,NA,NA,NA,NA,NA,NA,NA,NA,NA,NA
"112",164,NA,NA,"nl-informal",NA,NA,NA,NA,NA,NA,NA,NA,NA,NA,NA,NA,NA,NA,NA,NA,NA,NA,NA,NA,NA,NA,NA,NA,NA,NA,NA,NA,NA,NA,NA,NA,NA,NA,NA,NA,NA,NA,NA,NA,NA,NA,NA,NA,NA,NA,NA,NA,NA,NA,NA,NA,NA,NA,NA,NA,NA,NA,NA,NA,NA,NA,NA,NA,NA,NA,NA,NA,NA,NA,NA,0,NA,NA,NA,NA,NA,NA,NA,NA,NA,NA,NA,NA,NA,NA,NA,NA,NA,NA,NA,NA,NA,NA,NA,NA,NA,NA,NA
"113",165,"1980-01-01 00:00:00",12,"nl-informal","yes",NA,5,3,1,5,1,5,5,1,3,2,3,3,5,5,2,3,2,3,4,5,3,2,1,3,1,2,5,5,3,3,3,3,3,3,3,1,1,1,1,1,1,3,1,3,3,3,2,1,3,3,3,3,3,3,5,4,5,5,5,5,5,5,5,21,"Vrouw",NA,"HAVO / VWO",NA,22,428.95,42.57,NA,NA,NA,33.03,NA,32.37,NA,33,NA,94.04,NA,30.47,NA,36.07,NA,29.82,NA,24.07,NA,33.67,NA,39.84,NA,NA,NA,NA
"114",166,"1980-01-01 00:00:00",12,"nl-informal","yes",NA,4,4,4,5,3,4,5,1,2,2,3,3,2,5,2,3,2,3,3,3,4,1,1,1,2,2,4,5,3,5,4,4,4,4,4,1,1,1,1,1,1,5,1,1,1,3,1,3,5,2,2,4,2,3,3,4,5,5,5,5,4,4,4,46,"Vrouw",NA,"HBO",NA,38,346.71,20.02,NA,NA,NA,49.25,NA,29.2,NA,29.72,NA,23.45,NA,30.46,NA,34.25,NA,33.14,NA,38.63,NA,24.79,NA,33.8,NA,NA,NA,NA
"115",167,"1980-01-01 00:00:00",12,"nl-informal","yes",NA,5,5,5,5,1,5,5,1,3,3,5,3,5,5,4,4,4,5,3,5,5,4,4,4,3,4,5,5,4,4,4,5,2,4,4,1,1,1,1,1,1,5,1,3,1,4,2,3,5,2,4,4,3,3,4,5,5,5,5,5,5,5,5,25,"Vrouw",NA,"HBO",NA,33,348.69,11.55,NA,NA,NA,41.38,NA,38.82,NA,31.59,NA,32.72,NA,33.64,NA,36.28,NA,43.89,NA,37.19,NA,19.02,NA,22.61,NA,NA,NA,NA
"116",168,"1980-01-01 00:00:00",12,"nl-informal","yes",NA,5,5,5,5,3,5,5,1,3,2,5,3,5,5,1,1,1,5,1,5,5,1,1,1,2,1,5,5,5,5,5,5,4,5,5,1,1,1,1,1,5,5,1,1,1,1,1,1,5,1,2,4,5,1,5,5,5,5,5,5,5,5,5,49,"Vrouw",NA,"HBO",NA,75,263.02,14.85,NA,NA,NA,37.51,NA,39.95,NA,19.07,NA,27.83,NA,17.64,NA,16.07,NA,20.78,NA,33.96,NA,17.11,NA,18.25,NA,NA,NA,NA
"117",169,"1980-01-01 00:00:00",12,"nl-informal","yes",NA,5,4,4,5,1,4,4,1,3,2,5,1,3,5,1,3,1,5,2,4,5,1,1,3,3,2,4,5,2,3,2,3,1,3,5,1,1,1,1,1,1,5,1,1,1,5,2,1,3,2,3,3,5,3,3,5,5,5,5,5,5,5,5,42,"Vrouw",NA,NA,"Mbo post hbo opleiding",11,733.44,61.83,NA,NA,NA,132.19,NA,80.93,NA,76.16,NA,92.59,NA,60.43,NA,60.68,NA,29.6,NA,55.25,NA,29.7,NA,54.08,NA,NA,NA,NA
"118",170,NA,2,"nl-informal","yes",NA,NA,NA,NA,NA,NA,NA,NA,NA,NA,NA,NA,NA,NA,NA,NA,NA,NA,NA,NA,NA,NA,NA,NA,NA,NA,NA,NA,NA,NA,NA,NA,NA,NA,NA,NA,NA,NA,NA,NA,NA,NA,NA,NA,NA,NA,NA,NA,NA,NA,NA,NA,NA,NA,NA,NA,NA,NA,NA,NA,NA,NA,NA,NA,NA,NA,NA,NA,NA,NA,6.31,6.31,NA,NA,NA,NA,NA,NA,NA,NA,NA,NA,NA,NA,NA,NA,NA,NA,NA,NA,NA,NA,NA,NA,NA,NA,NA,NA
"119",172,"1980-01-01 00:00:00",12,"nl-informal","yes",NA,4,4,4,5,2,4,5,1,3,1,4,2,5,4,1,2,2,4,3,2,3,2,3,2,4,3,4,4,2,4,2,2,3,4,2,1,2,1,1,2,4,4,1,4,1,3,2,1,2,3,3,4,4,3,5,5,3,5,2,5,5,3,4,30,"Vrouw",NA,"HBO",NA,39,327.99,16.18,NA,NA,NA,40.31,NA,25.93,NA,34.88,NA,30.88,NA,37.16,NA,34.06,NA,27.55,NA,25.33,NA,28.73,NA,26.98,NA,NA,NA,NA
"120",173,"1980-01-01 00:00:00",12,"nl-informal","yes",NA,5,5,5,5,5,5,5,5,5,5,5,1,5,5,5,5,5,5,5,5,5,1,1,1,3,3,5,5,5,5,5,5,5,5,5,1,1,1,1,1,5,5,1,1,1,5,1,1,5,5,5,5,3,5,5,5,5,5,5,5,5,5,5,42,"Vrouw",NA,"HBO",NA,29,502.84,37.93,NA,NA,NA,53.36,NA,64.97,NA,50.55,NA,46.61,NA,38.02,NA,44.66,NA,44.79,NA,46.43,NA,39.73,NA,35.79,NA,NA,NA,NA
"121",174,"1980-01-01 00:00:00",12,"nl-informal","yes",NA,5,5,5,4,2,4,5,5,5,5,2,2,5,5,2,3,3,4,2,4,4,1,1,1,3,3,5,2,2,4,2,5,5,4,4,1,1,1,1,1,1,1,1,4,1,4,3,1,2,2,2,4,4,4,2,5,5,5,5,5,5,5,5,31,"Vrouw",NA,"VMBO (bijvoorbeeld praktijkonderwijs)",NA,91,501.74,184,NA,NA,NA,35.92,NA,38.73,NA,50.88,NA,25.85,NA,23.55,NA,21.62,NA,47.36,NA,36.28,NA,13.1,NA,24.45,NA,NA,NA,NA
"122",175,"1980-01-01 00:00:00",12,"nl-informal","yes",NA,5,5,5,5,3,5,5,1,5,1,4,3,4,5,3,4,4,5,4,5,5,1,1,1,1,1,2,5,5,5,5,5,4,5,5,1,1,1,1,1,1,5,1,2,2,3,3,1,5,2,3,3,3,3,4,5,5,5,5,5,3,5,5,30,"Vrouw",NA,NA,"bachelor psychologie",23,851.61,40.04,NA,NA,NA,125.72,NA,63.99,NA,66.2,NA,86.96,NA,42.84,NA,95.89,NA,62.72,NA,60.57,NA,67.29,NA,139.39,NA,NA,NA,NA
"123",176,NA,NA,"nl-informal",NA,NA,NA,NA,NA,NA,NA,NA,NA,NA,NA,NA,NA,NA,NA,NA,NA,NA,NA,NA,NA,NA,NA,NA,NA,NA,NA,NA,NA,NA,NA,NA,NA,NA,NA,NA,NA,NA,NA,NA,NA,NA,NA,NA,NA,NA,NA,NA,NA,NA,NA,NA,NA,NA,NA,NA,NA,NA,NA,NA,NA,NA,NA,NA,NA,NA,NA,NA,NA,NA,NA,0,NA,NA,NA,NA,NA,NA,NA,NA,NA,NA,NA,NA,NA,NA,NA,NA,NA,NA,NA,NA,NA,NA,NA,NA,NA,NA,NA
"124",177,"1980-01-01 00:00:00",12,"nl-informal","yes",NA,5,5,3,5,2,5,5,1,3,1,3,2,4,5,5,3,4,5,2,5,4,2,4,3,3,3,5,5,2,4,1,5,3,4,4,1,1,1,1,1,4,5,1,3,3,4,3,5,5,1,3,4,2,2,5,5,5,5,2,5,4,5,5,34,"Man",NA,"WO (bijvoorbeeld een MSc of PhD)",NA,52,578.47,36.36,NA,NA,NA,99.55,NA,47.22,NA,45.74,NA,64.23,NA,49.94,NA,50.28,NA,46.46,NA,60.13,NA,44.15,NA,34.41,NA,NA,NA,NA
"125",178,"1980-01-01 00:00:00",12,"nl-informal","yes",NA,5,5,4,5,3,5,5,1,2,1,4,2,2,5,2,2,1,3,2,2,5,1,1,1,1,3,4,5,1,3,1,5,4,4,5,1,1,2,1,1,2,5,1,5,2,5,2,3,5,2,4,5,3,2,1,2,5,5,5,5,5,5,5,27,"Vrouw",NA,"HBO",NA,10,480.87,23.47,NA,NA,NA,56.29,NA,118.14,NA,34.87,NA,36.77,NA,52.84,NA,30.65,NA,27.8,NA,39.2,NA,30.26,NA,30.58,NA,NA,NA,NA
"126",180,"1980-01-01 00:00:00",12,"nl-informal","yes",NA,5,5,4,3,2,5,5,1,3,1,3,1,5,5,5,4,1,4,5,5,2,4,4,5,3,5,3,4,1,2,1,4,3,5,5,1,1,1,1,1,1,5,1,1,1,1,1,1,5,1,3,3,2,2,5,5,5,5,2,5,5,5,5,54,"Vrouw",NA,"HBO",NA,20,290.39,27.03,NA,NA,NA,36.08,NA,29.1,NA,22.98,NA,35.48,NA,24.4,NA,22.57,NA,17.12,NA,20.77,NA,29.5,NA,25.36,NA,NA,NA,NA
"127",181,"1980-01-01 00:00:00",12,"nl-informal","yes",NA,5,3,3,5,1,5,5,5,5,4,5,1,5,5,1,1,1,5,4,3,5,5,4,4,3,4,5,5,1,5,1,3,1,1,5,1,1,1,1,1,1,5,1,1,1,5,1,1,5,2,5,5,4,4,5,5,5,5,5,5,5,5,5,22,"Vrouw",NA,"HAVO / VWO",NA,11,710.82,17.93,NA,NA,NA,42.67,NA,27.02,NA,96.56,NA,163.55,NA,49.78,NA,168.16,NA,21.04,NA,20.97,NA,74.07,NA,29.07,NA,NA,NA,NA
"128",182,"1980-01-01 00:00:00",12,"nl-informal","yes",NA,5,5,4,5,5,5,5,1,5,1,1,1,5,5,1,3,3,3,1,3,5,1,1,2,1,1,2,5,5,5,5,5,5,5,5,1,1,1,1,1,1,5,1,1,1,1,1,1,5,2,3,5,5,3,5,5,5,5,5,5,5,5,5,40,"Vrouw",NA,"HBO",NA,88,282.13,13.01,NA,NA,NA,39.53,NA,23.15,NA,29.66,NA,32.78,NA,32.44,NA,20.95,NA,19.78,NA,27.87,NA,19.07,NA,23.89,NA,NA,NA,NA
"129",183,NA,NA,"nl-informal",NA,NA,NA,NA,NA,NA,NA,NA,NA,NA,NA,NA,NA,NA,NA,NA,NA,NA,NA,NA,NA,NA,NA,NA,NA,NA,NA,NA,NA,NA,NA,NA,NA,NA,NA,NA,NA,NA,NA,NA,NA,NA,NA,NA,NA,NA,NA,NA,NA,NA,NA,NA,NA,NA,NA,NA,NA,NA,NA,NA,NA,NA,NA,NA,NA,NA,NA,NA,NA,NA,NA,0,NA,NA,NA,NA,NA,NA,NA,NA,NA,NA,NA,NA,NA,NA,NA,NA,NA,NA,NA,NA,NA,NA,NA,NA,NA,NA,NA
"130",185,"1980-01-01 00:00:00",12,"nl-informal","yes",NA,5,4,3,3,2,5,5,1,4,2,3,2,4,5,1,2,2,2,2,1,2,2,3,3,3,4,5,5,4,5,4,5,4,5,5,1,1,1,1,1,1,4,1,1,1,4,1,3,3,2,2,4,2,3,5,4,5,5,5,5,5,5,5,30,"Man",NA,"WO (bijvoorbeeld een MSc of PhD)",NA,52,528.18,43.75,NA,NA,NA,56.25,NA,55.66,NA,33.77,NA,46.86,NA,62.16,NA,36.51,NA,61.5,NA,61.92,NA,26.9,NA,42.9,NA,NA,NA,NA
"131",186,"1980-01-01 00:00:00",12,"nl-informal","yes",NA,5,5,3,5,2,5,5,1,4,4,1,1,1,5,1,3,4,3,3,1,3,1,1,1,1,2,5,5,2,4,4,3,4,3,5,1,1,1,1,1,1,5,1,1,1,5,2,1,2,3,1,5,2,3,4,5,5,5,5,5,4,2,5,25,"Vrouw",NA,"WO (bijvoorbeeld een MSc of PhD)",NA,69,327.95,7.2,NA,NA,NA,44.5,NA,40.49,NA,44.87,NA,32.3,NA,40.48,NA,23.64,NA,24.8,NA,27.64,NA,24.26,NA,17.77,NA,NA,NA,NA
"132",188,NA,NA,"nl-informal",NA,NA,NA,NA,NA,NA,NA,NA,NA,NA,NA,NA,NA,NA,NA,NA,NA,NA,NA,NA,NA,NA,NA,NA,NA,NA,NA,NA,NA,NA,NA,NA,NA,NA,NA,NA,NA,NA,NA,NA,NA,NA,NA,NA,NA,NA,NA,NA,NA,NA,NA,NA,NA,NA,NA,NA,NA,NA,NA,NA,NA,NA,NA,NA,NA,NA,NA,NA,NA,NA,NA,0,NA,NA,NA,NA,NA,NA,NA,NA,NA,NA,NA,NA,NA,NA,NA,NA,NA,NA,NA,NA,NA,NA,NA,NA,NA,NA,NA
"133",190,"1980-01-01 00:00:00",12,"nl-informal","yes",NA,5,3,3,5,3,5,3,1,3,2,5,1,5,5,1,4,2,5,1,5,5,1,1,1,2,1,5,5,4,5,5,5,5,5,5,1,1,1,1,1,3,5,1,1,1,5,1,1,3,4,1,4,3,5,5,5,5,5,5,5,5,5,5,33,"Man",NA,"HBO",NA,31,568.38,14.64,NA,NA,NA,71.02,NA,134.05,NA,65.95,NA,34.33,NA,58.31,NA,47.8,NA,52.08,NA,29.61,NA,27.25,NA,33.34,NA,NA,NA,NA
"134",191,"1980-01-01 00:00:00",12,"nl-informal","yes",NA,5,4,3,4,3,4,5,2,3,3,4,3,4,5,1,3,2,3,3,4,4,3,2,3,3,4,4,5,5,5,5,5,3,5,5,1,1,1,1,1,2,5,1,3,1,3,2,2,5,2,3,4,3,3,5,5,5,5,5,5,4,5,5,37,"Vrouw",NA,"HBO",NA,65,307.02,8.87,NA,NA,NA,33.62,NA,31.51,NA,37.18,NA,33.35,NA,20.09,NA,32.39,NA,28.06,NA,30.38,NA,31.37,NA,20.2,NA,NA,NA,NA
"135",192,"1980-01-01 00:00:00",12,"nl-informal","yes",NA,5,4,4,5,4,5,5,5,5,5,5,4,5,5,3,3,3,5,4,5,5,2,2,2,1,3,3,4,4,4,4,4,4,5,5,1,1,1,1,1,1,5,2,3,3,2,2,3,3,2,2,1,2,2,3,4,5,5,5,5,3,5,5,25,"Vrouw",NA,"HBO",NA,84,341.55,4.22,NA,NA,NA,49.21,NA,49.93,NA,42.94,NA,24.25,NA,30.82,NA,19.23,NA,29.41,NA,33.33,NA,28.25,NA,29.96,NA,NA,NA,NA
"136",193,NA,NA,"nl-informal",NA,NA,NA,NA,NA,NA,NA,NA,NA,NA,NA,NA,NA,NA,NA,NA,NA,NA,NA,NA,NA,NA,NA,NA,NA,NA,NA,NA,NA,NA,NA,NA,NA,NA,NA,NA,NA,NA,NA,NA,NA,NA,NA,NA,NA,NA,NA,NA,NA,NA,NA,NA,NA,NA,NA,NA,NA,NA,NA,NA,NA,NA,NA,NA,NA,NA,NA,NA,NA,NA,NA,0,NA,NA,NA,NA,NA,NA,NA,NA,NA,NA,NA,NA,NA,NA,NA,NA,NA,NA,NA,NA,NA,NA,NA,NA,NA,NA,NA
"137",194,"1980-01-01 00:00:00",12,"nl-informal","yes",NA,5,4,3,4,3,5,5,1,2,2,3,2,3,5,1,1,1,2,2,2,2,1,1,1,1,2,4,5,5,5,5,4,4,5,5,1,1,1,1,1,2,3,1,1,1,2,2,1,5,2,2,4,2,4,4,5,5,5,5,5,5,5,5,48,"Vrouw",NA,"HBO",NA,68,395.26,6.03,NA,NA,NA,58.08,NA,38.5,NA,45.25,NA,30.31,NA,37.76,NA,38.76,NA,47.73,NA,34.08,NA,17.75,NA,41.01,NA,NA,NA,NA
"138",195,"1980-01-01 00:00:00",12,"nl-informal","yes",NA,5,5,4,4,4,5,5,1,4,4,5,1,5,5,4,5,5,5,4,5,5,1,2,3,2,4,5,5,4,5,5,5,4,5,5,1,1,1,1,1,1,5,2,3,1,5,4,2,5,1,4,5,4,2,5,5,5,5,5,5,5,5,5,24,"Vrouw",NA,"WO (bijvoorbeeld een MSc of PhD)",NA,10,623.94,70.54,NA,NA,NA,89.64,NA,44.99,NA,55.97,NA,47.51,NA,54.47,NA,84.45,NA,50.43,NA,46.8,NA,37.22,NA,41.92,NA,NA,NA,NA
"139",199,"1980-01-01 00:00:00",12,"nl-informal","yes",NA,5,5,5,3,3,5,5,1,3,2,3,2,4,5,3,4,4,5,4,3,5,1,1,2,2,2,3,5,5,5,5,5,4,5,5,1,1,1,1,1,3,5,1,1,1,1,1,1,5,2,3,4,3,3,3,5,4,4,3,4,5,4,5,69,"Man",NA,"HBO",NA,83,427.76,5.7,NA,NA,NA,56.53,NA,58.18,NA,40.44,NA,39.88,NA,26.88,NA,57.13,NA,31.48,NA,33.52,NA,45.89,NA,32.13,NA,NA,NA,NA
"140",200,"1980-01-01 00:00:00",12,"nl-informal","yes",NA,5,3,3,4,3,4,4,2,4,2,3,3,4,4,2,3,3,4,3,4,2,4,3,4,3,3,4,4,2,5,4,4,2,3,2,1,1,1,1,1,2,4,1,1,3,2,1,4,4,1,1,5,2,2,4,4,5,5,5,5,5,5,5,35,"Vrouw",NA,"HBO",NA,77,337.51,33.16,NA,NA,NA,42.32,NA,26.15,NA,31.42,NA,26.39,NA,27.26,NA,27.59,NA,27.98,NA,33.28,NA,24.26,NA,37.7,NA,NA,NA,NA
"141",202,NA,2,"nl-informal","yes",NA,NA,NA,NA,NA,NA,NA,NA,NA,NA,NA,NA,NA,NA,NA,NA,NA,NA,NA,NA,NA,NA,NA,NA,NA,NA,NA,NA,NA,NA,NA,NA,NA,NA,NA,NA,NA,NA,NA,NA,NA,NA,NA,NA,NA,NA,NA,NA,NA,NA,NA,NA,NA,NA,NA,NA,NA,NA,NA,NA,NA,NA,NA,NA,NA,NA,NA,NA,NA,NA,3.6,3.6,NA,NA,NA,NA,NA,NA,NA,NA,NA,NA,NA,NA,NA,NA,NA,NA,NA,NA,NA,NA,NA,NA,NA,NA,NA,NA
"142",203,"1980-01-01 00:00:00",12,"nl-informal","yes",NA,4,3,3,5,2,4,4,2,3,1,4,3,3,5,2,3,3,3,4,5,5,2,2,2,2,3,5,5,2,5,3,5,3,5,5,1,1,1,1,3,2,5,1,4,3,5,3,2,2,2,2,2,3,3,5,5,5,5,5,3,3,5,5,27,"Vrouw",NA,"WO (bijvoorbeeld een MSc of PhD)",NA,56,338.93,16.25,NA,NA,NA,58.45,NA,36.8,NA,24.08,NA,37.98,NA,26.6,NA,34.97,NA,28.38,NA,28.35,NA,18.45,NA,28.62,NA,NA,NA,NA
"143",204,"1980-01-01 00:00:00",12,"nl-informal","yes",NA,5,4,3,4,2,5,5,4,5,5,5,5,5,5,5,5,4,5,5,5,5,5,3,5,3,3,5,5,4,5,5,5,5,5,5,1,1,1,1,1,5,5,1,1,1,5,1,5,5,2,3,3,3,2,5,5,5,5,5,5,5,5,5,26,"Vrouw",NA,"HBO",NA,24,374.22,18.88,NA,NA,NA,45.09,NA,24.15,NA,24.63,NA,23.73,NA,30.28,NA,26.81,NA,31.01,NA,98.43,NA,26.15,NA,25.06,NA,NA,NA,NA
"144",205,NA,NA,"nl-informal",NA,NA,NA,NA,NA,NA,NA,NA,NA,NA,NA,NA,NA,NA,NA,NA,NA,NA,NA,NA,NA,NA,NA,NA,NA,NA,NA,NA,NA,NA,NA,NA,NA,NA,NA,NA,NA,NA,NA,NA,NA,NA,NA,NA,NA,NA,NA,NA,NA,NA,NA,NA,NA,NA,NA,NA,NA,NA,NA,NA,NA,NA,NA,NA,NA,NA,NA,NA,NA,NA,NA,0,NA,NA,NA,NA,NA,NA,NA,NA,NA,NA,NA,NA,NA,NA,NA,NA,NA,NA,NA,NA,NA,NA,NA,NA,NA,NA,NA
"145",206,"1980-01-01 00:00:00",12,"nl-informal","yes",NA,5,4,4,5,1,5,5,5,5,5,5,5,5,5,5,4,5,5,4,5,5,1,1,1,2,3,5,5,2,5,3,5,3,5,5,1,1,1,1,1,5,5,1,5,1,3,2,2,4,1,1,5,3,3,5,4,5,5,5,5,4,5,5,18,"Vrouw",NA,"HAVO / VWO",NA,69,352.47,5.42,NA,NA,NA,75.23,NA,27.09,NA,22.92,NA,46.04,NA,28.2,NA,22.33,NA,36.05,NA,40.38,NA,24.87,NA,23.94,NA,NA,NA,NA
"146",208,"1980-01-01 00:00:00",12,"nl-informal","yes",NA,5,5,5,5,1,5,5,1,2,2,3,3,3,5,1,1,1,4,2,3,5,1,1,1,1,1,1,5,4,4,4,5,4,5,5,1,1,1,1,1,1,5,1,1,1,3,3,1,2,4,4,5,4,4,5,5,5,5,5,5,5,5,5,30,"Vrouw",NA,NA,"secundair humane",20,376.36,30.57,NA,NA,NA,48.38,NA,46.52,NA,52.33,NA,28.99,NA,24.05,NA,24.76,NA,24.81,NA,33.74,NA,16.02,NA,46.19,NA,NA,NA,NA
"147",209,"1980-01-01 00:00:00",12,"nl-informal","yes",NA,5,4,3,5,1,5,4,2,3,3,3,3,4,5,3,4,2,4,4,5,3,2,2,3,3,3,4,4,3,4,4,5,1,5,5,1,1,1,1,1,1,5,1,1,1,5,1,1,5,2,2,4,3,3,5,5,4,5,3,5,3,4,5,19,"Vrouw",NA,"HBO",NA,69,518.48,16.12,NA,NA,NA,48.18,NA,50.18,NA,57.24,NA,55.66,NA,72.28,NA,25.83,NA,33.52,NA,35.87,NA,85.15,NA,38.45,NA,NA,NA,NA
"148",211,"1980-01-01 00:00:00",12,"nl-informal","yes",NA,5,5,5,5,2,5,5,1,3,1,3,2,4,5,3,4,3,4,4,5,5,4,4,4,2,4,5,5,5,5,5,5,4,5,5,1,1,1,1,1,1,5,1,1,1,4,1,1,5,1,3,4,2,1,4,5,5,5,4,5,5,5,5,58,"Vrouw",NA,"HBO",NA,50,332.39,17.16,NA,NA,NA,50.21,NA,44.98,NA,34.44,NA,33.45,NA,23.81,NA,26.35,NA,20.5,NA,25.51,NA,30.22,NA,25.76,NA,NA,NA,NA
"149",212,NA,NA,"nl-informal",NA,NA,NA,NA,NA,NA,NA,NA,NA,NA,NA,NA,NA,NA,NA,NA,NA,NA,NA,NA,NA,NA,NA,NA,NA,NA,NA,NA,NA,NA,NA,NA,NA,NA,NA,NA,NA,NA,NA,NA,NA,NA,NA,NA,NA,NA,NA,NA,NA,NA,NA,NA,NA,NA,NA,NA,NA,NA,NA,NA,NA,NA,NA,NA,NA,NA,NA,NA,NA,NA,NA,0,NA,NA,NA,NA,NA,NA,NA,NA,NA,NA,NA,NA,NA,NA,NA,NA,NA,NA,NA,NA,NA,NA,NA,NA,NA,NA,NA
"150",214,"1980-01-01 00:00:00",12,"nl-informal","yes",NA,4,4,2,4,2,5,5,5,5,5,5,2,5,5,2,2,2,3,2,5,5,5,4,4,4,4,5,5,4,4,4,4,4,5,5,1,1,1,1,1,5,5,1,2,1,4,1,2,5,1,2,2,2,2,5,5,5,5,5,5,5,5,5,39,"Vrouw",NA,"WO (bijvoorbeeld een MSc of PhD)",NA,10,350.24,35.09,NA,NA,NA,49.99,NA,23.75,NA,37.03,NA,32.38,NA,31.22,NA,35.05,NA,34.02,NA,20.58,NA,20.88,NA,30.25,NA,NA,NA,NA
"151",215,NA,NA,"nl-informal",NA,NA,NA,NA,NA,NA,NA,NA,NA,NA,NA,NA,NA,NA,NA,NA,NA,NA,NA,NA,NA,NA,NA,NA,NA,NA,NA,NA,NA,NA,NA,NA,NA,NA,NA,NA,NA,NA,NA,NA,NA,NA,NA,NA,NA,NA,NA,NA,NA,NA,NA,NA,NA,NA,NA,NA,NA,NA,NA,NA,NA,NA,NA,NA,NA,NA,NA,NA,NA,NA,NA,0,NA,NA,NA,NA,NA,NA,NA,NA,NA,NA,NA,NA,NA,NA,NA,NA,NA,NA,NA,NA,NA,NA,NA,NA,NA,NA,NA
"152",216,"1980-01-01 00:00:00",12,"nl-informal","yes",NA,5,4,4,3,3,5,5,5,5,5,5,2,5,5,3,4,3,3,3,3,5,4,2,4,2,4,4,5,1,5,1,4,3,5,5,1,1,1,1,1,1,5,1,4,1,5,3,5,5,2,3,4,2,3,4,5,5,5,5,5,5,5,5,35,"Vrouw",NA,"HBO",NA,97,357.39,32.96,NA,NA,NA,58.9,NA,30.92,NA,31.38,NA,33.77,NA,25.68,NA,33.39,NA,27.49,NA,36.69,NA,22.1,NA,24.11,NA,NA,NA,NA
"153",218,"1980-01-01 00:00:00",12,"nl-informal","yes",NA,5,4,4,4,4,5,4,1,3,2,5,2,5,5,1,1,1,5,1,1,1,1,1,1,1,1,5,5,5,5,5,5,5,5,5,1,1,1,1,1,1,3,1,3,1,5,1,1,5,1,1,3,2,2,5,5,5,5,5,5,5,5,5,29,"Vrouw",NA,NA,NA,NA,458.3,39.51,NA,NA,NA,62.54,NA,53.67,NA,43.07,NA,29.25,NA,30.26,NA,31.79,NA,46.63,NA,44.06,NA,30.74,NA,46.78,NA,NA,NA,NA
"154",219,"1980-01-01 00:00:00",12,"nl-informal","yes",NA,5,3,3,5,3,5,5,5,5,5,5,3,5,5,3,3,3,5,3,5,5,1,1,1,3,3,3,3,5,5,3,5,3,5,5,1,1,1,1,1,1,3,1,1,1,3,2,1,5,1,3,3,3,3,5,5,3,5,3,5,3,3,5,30,"Vrouw",NA,"HBO",NA,90,369.09,26.91,NA,NA,NA,48.35,NA,23.77,NA,31.07,NA,22.71,NA,23.4,NA,42.32,NA,22.46,NA,39.44,NA,26.08,NA,62.58,NA,NA,NA,NA
"155",220,"1980-01-01 00:00:00",12,"nl-informal","yes",NA,4,4,3,3,1,4,5,1,3,3,3,1,3,5,5,4,4,4,4,5,5,1,1,1,1,2,1,5,2,5,5,4,2,2,5,1,1,1,1,1,3,5,1,3,3,3,1,2,5,2,2,2,2,1,4,5,5,5,5,5,5,5,5,18,"Vrouw",NA,"HBO",NA,38,545.48,53.17,NA,NA,NA,99.8,NA,41.31,NA,38.33,NA,42.28,NA,93.66,NA,40.46,NA,35.83,NA,30.57,NA,29.76,NA,40.31,NA,NA,NA,NA
"156",221,NA,3,"nl-informal","yes",NA,2,3,3,4,4,5,2,NA,NA,NA,NA,NA,NA,NA,NA,NA,NA,NA,NA,NA,NA,NA,NA,NA,NA,NA,NA,NA,NA,NA,NA,NA,NA,NA,NA,NA,NA,NA,NA,NA,NA,NA,NA,NA,NA,NA,NA,NA,NA,NA,NA,NA,NA,NA,NA,NA,NA,NA,NA,NA,NA,NA,NA,NA,NA,NA,NA,NA,NA,39.28,14.41,NA,3.4,NA,21.47,NA,NA,NA,NA,NA,NA,NA,NA,NA,NA,NA,NA,NA,NA,NA,NA,NA,NA,NA,NA,NA,NA
"157",222,"1980-01-01 00:00:00",12,"nl-informal","yes",NA,5,3,3,4,4,5,5,1,2,1,3,2,5,5,5,5,4,4,4,5,5,2,3,3,1,4,4,5,3,4,3,5,4,5,5,1,1,1,1,4,2,5,1,1,1,2,1,1,5,2,2,5,2,3,5,5,5,5,5,5,5,5,5,56,"Vrouw",NA,"WO (bijvoorbeeld een MSc of PhD)",NA,37,289.84,7.13,NA,NA,NA,40.69,NA,24.1,NA,30.22,NA,30.15,NA,25.06,NA,32.17,NA,20.46,NA,30.38,NA,17.22,NA,32.26,NA,NA,NA,NA
"158",223,"1980-01-01 00:00:00",12,"nl-informal","yes",NA,5,5,3,5,1,5,5,1,1,1,5,1,5,5,1,3,3,5,2,5,5,1,1,1,5,4,5,5,1,5,2,5,4,5,5,1,1,1,1,1,5,5,1,5,1,5,3,3,5,1,3,2,1,3,5,5,5,5,5,5,5,5,5,52,"Vrouw",NA,"WO (bijvoorbeeld een MSc of PhD)",NA,10,365.84,32.68,NA,NA,NA,47.44,NA,34.74,NA,44.39,NA,34.02,NA,33.59,NA,26.32,NA,22.51,NA,39.52,NA,22.83,NA,27.8,NA,NA,NA,NA
"159",224,"1980-01-01 00:00:00",12,"nl-informal","yes",NA,5,4,3,5,3,5,5,1,3,2,5,3,4,5,2,3,3,5,3,4,4,1,1,2,1,2,4,4,4,4,3,4,4,4,5,1,1,1,1,2,4,4,1,2,2,4,3,2,5,2,3,4,4,3,5,5,5,5,5,5,5,5,5,44,"Vrouw",NA,"HBO",NA,56,341.77,32.56,NA,NA,NA,39.03,NA,29.74,NA,39.54,NA,33.54,NA,30.97,NA,25.73,NA,25.9,NA,20.65,NA,21.46,NA,42.65,NA,NA,NA,NA
"160",225,"1980-01-01 00:00:00",12,"nl-informal","yes",NA,5,5,4,5,3,5,5,5,5,2,5,4,5,5,1,1,1,5,3,2,3,1,1,1,3,4,1,3,2,5,3,5,4,3,2,1,1,1,1,1,1,1,1,1,1,5,3,1,3,1,3,5,1,3,1,2,5,5,5,5,4,5,5,29,"Vrouw",NA,"HAVO / VWO",NA,10,556.64,49.8,NA,NA,NA,44.28,NA,31.63,NA,30.78,NA,55,NA,36.73,NA,63.44,NA,24.53,NA,105.69,NA,79.32,NA,35.44,NA,NA,NA,NA
"161",226,NA,NA,"nl-informal",NA,NA,NA,NA,NA,NA,NA,NA,NA,NA,NA,NA,NA,NA,NA,NA,NA,NA,NA,NA,NA,NA,NA,NA,NA,NA,NA,NA,NA,NA,NA,NA,NA,NA,NA,NA,NA,NA,NA,NA,NA,NA,NA,NA,NA,NA,NA,NA,NA,NA,NA,NA,NA,NA,NA,NA,NA,NA,NA,NA,NA,NA,NA,NA,NA,NA,NA,NA,NA,NA,NA,0,NA,NA,NA,NA,NA,NA,NA,NA,NA,NA,NA,NA,NA,NA,NA,NA,NA,NA,NA,NA,NA,NA,NA,NA,NA,NA,NA
"162",227,"1980-01-01 00:00:00",12,"nl-informal","yes",NA,5,4,4,4,4,4,4,1,2,1,4,1,4,5,4,3,4,4,4,4,5,2,2,2,1,2,4,5,5,5,5,5,4,5,5,1,1,1,1,2,3,4,2,4,4,5,4,3,5,2,3,3,2,2,4,5,5,5,5,5,5,5,5,36,"Man",NA,"WO (bijvoorbeeld een MSc of PhD)",NA,69,290.66,4.45,NA,NA,NA,26.73,NA,44.58,NA,23.15,NA,29.73,NA,30.46,NA,35.53,NA,25.19,NA,32.19,NA,18.57,NA,20.08,NA,NA,NA,NA
"163",228,"1980-01-01 00:00:00",12,"nl-informal","yes",NA,5,3,3,5,2,5,5,5,3,5,5,5,5,5,3,3,3,4,3,4,4,1,2,2,3,3,3,3,2,4,1,4,3,3,4,1,1,1,1,1,2,5,1,1,1,3,1,3,5,3,2,4,3,2,5,5,5,5,5,5,5,5,5,31,"Vrouw",NA,"WO (bijvoorbeeld een MSc of PhD)",NA,25,962.08,54,NA,NA,NA,81.61,NA,111.06,NA,145.2,NA,85.6,NA,183.99,NA,59.02,NA,57.88,NA,76.67,NA,56.58,NA,50.47,NA,NA,NA,NA
"164",230,"1980-01-01 00:00:00",12,"nl-informal","yes",NA,5,5,4,5,4,5,5,5,3,2,3,2,3,4,3,3,3,3,2,5,5,1,1,2,3,2,3,5,4,4,5,5,3,4,3,1,1,1,1,1,1,1,1,1,1,5,1,1,5,2,3,3,4,3,3,4,5,5,5,4,4,5,5,65,"Vrouw",NA,"WO (bijvoorbeeld een MSc of PhD)",NA,21,684.07,70.62,NA,NA,NA,66.13,NA,56.47,NA,48.38,NA,130.84,NA,49.63,NA,39.85,NA,61.73,NA,50.95,NA,35.26,NA,74.21,NA,NA,NA,NA
"165",231,"1980-01-01 00:00:00",12,"nl-informal","yes",NA,4,5,4,4,3,5,5,1,3,2,5,2,5,5,1,3,1,5,3,5,5,2,2,2,1,3,5,5,4,4,3,5,4,5,5,1,2,2,1,3,5,5,1,2,1,5,3,3,5,3,3,3,5,3,5,5,5,5,5,5,3,5,5,37,"Vrouw",NA,"HBO",NA,18,694.21,61.38,NA,NA,NA,70.73,NA,73.24,NA,63.52,NA,75.74,NA,87.61,NA,57.03,NA,58.51,NA,52.29,NA,47.88,NA,46.28,NA,NA,NA,NA
"166",232,"1980-01-01 00:00:00",12,"nl-informal","yes",NA,5,5,4,5,3,5,5,3,3,3,5,3,5,5,3,3,3,5,3,5,5,3,3,3,3,3,5,5,4,4,3,5,4,4,5,1,1,1,1,1,1,5,1,3,1,3,2,2,3,3,3,4,4,3,4,5,4,5,5,5,4,4,5,33,"Vrouw",NA,"WO (bijvoorbeeld een MSc of PhD)",NA,35,465.89,29.69,NA,NA,NA,46.57,NA,39.79,NA,48.02,NA,40.22,NA,46.83,NA,43.5,NA,59.05,NA,35.24,NA,46.92,NA,30.06,NA,NA,NA,NA
"167",233,"1980-01-01 00:00:00",12,"nl-informal","yes",NA,5,5,5,5,2,5,4,2,5,4,5,2,5,5,2,3,3,5,2,3,4,2,2,2,2,4,5,5,4,4,3,5,4,5,5,1,1,1,1,1,2,5,1,2,1,5,2,1,5,1,2,5,3,1,5,5,5,5,5,5,5,5,4,38,"Vrouw",NA,"WO (bijvoorbeeld een MSc of PhD)",NA,97,906.14,542.82,NA,NA,NA,46.03,NA,29.97,NA,49,NA,39.5,NA,29.27,NA,29.04,NA,36.99,NA,30.66,NA,35.13,NA,37.73,NA,NA,NA,NA
"168",234,"1980-01-01 00:00:00",12,"nl-informal","yes",NA,5,5,5,5,4,5,5,1,1,1,2,1,2,5,2,2,2,3,2,5,5,1,1,1,1,1,5,5,4,5,4,5,4,5,5,1,1,1,1,1,2,5,1,1,1,5,1,2,4,4,4,5,4,4,5,5,5,5,5,5,5,5,5,36,"Vrouw",NA,"HBO",NA,89,318.06,21.38,NA,NA,NA,35.43,NA,37.57,NA,64.69,NA,21.49,NA,20.48,NA,26.25,NA,25.07,NA,23.38,NA,16.74,NA,25.58,NA,NA,NA,NA
"169",236,"1980-01-01 00:00:00",12,"nl-informal","yes",NA,5,4,3,5,3,5,4,1,3,2,3,2,4,5,2,1,1,3,3,4,5,5,5,3,1,4,5,5,4,4,2,4,3,4,3,1,1,1,1,1,2,5,1,2,2,4,2,1,5,2,2,3,4,3,4,5,4,4,3,5,4,4,3,49,"Man",NA,"HBO",NA,56,443.49,30.83,NA,NA,NA,54.38,NA,40.06,NA,40.93,NA,28.03,NA,37.18,NA,48.11,NA,37.6,NA,40.67,NA,48.56,NA,37.14,NA,NA,NA,NA
"170",237,"1980-01-01 00:00:00",12,"nl-informal","yes",NA,5,5,5,5,3,5,5,5,5,5,5,2,5,5,1,3,1,3,1,5,5,2,3,3,5,3,5,5,5,5,5,5,3,5,5,1,1,1,1,1,1,5,1,1,1,3,2,1,5,3,3,3,1,2,5,5,5,5,5,5,5,5,5,51,"Man",NA,"WO (bijvoorbeeld een MSc of PhD)",NA,52,571.59,19.59,NA,NA,NA,93.33,NA,46.5,NA,75.24,NA,60.11,NA,42.34,NA,65.68,NA,70.4,NA,41.69,NA,33.02,NA,23.69,NA,NA,NA,NA
"171",238,NA,NA,"nl-informal",NA,NA,NA,NA,NA,NA,NA,NA,NA,NA,NA,NA,NA,NA,NA,NA,NA,NA,NA,NA,NA,NA,NA,NA,NA,NA,NA,NA,NA,NA,NA,NA,NA,NA,NA,NA,NA,NA,NA,NA,NA,NA,NA,NA,NA,NA,NA,NA,NA,NA,NA,NA,NA,NA,NA,NA,NA,NA,NA,NA,NA,NA,NA,NA,NA,NA,NA,NA,NA,NA,NA,0,NA,NA,NA,NA,NA,NA,NA,NA,NA,NA,NA,NA,NA,NA,NA,NA,NA,NA,NA,NA,NA,NA,NA,NA,NA,NA,NA
"172",239,"1980-01-01 00:00:00",12,"nl-informal","yes",NA,4,3,3,3,2,5,5,2,3,3,3,1,5,5,2,3,2,3,3,4,4,3,3,3,3,4,5,5,5,5,3,5,3,5,5,1,1,1,1,1,1,4,1,2,1,3,2,1,5,2,3,4,2,3,5,5,5,5,5,4,4,5,5,37,"Vrouw",NA,"WO (bijvoorbeeld een MSc of PhD)",NA,20,483.34,4.34,NA,NA,NA,60.94,NA,47.18,NA,67.66,NA,43.6,NA,38.46,NA,44.19,NA,39.14,NA,30.7,NA,49.85,NA,57.28,NA,NA,NA,NA
"173",240,"1980-01-01 00:00:00",12,"nl-informal","yes",NA,5,5,5,5,2,4,4,5,5,5,3,2,5,5,1,3,5,5,4,5,5,1,1,1,1,2,5,5,5,5,4,5,4,4,5,1,1,1,1,1,1,5,1,1,1,3,1,1,4,1,3,3,2,2,5,5,5,5,5,5,4,5,5,32,"Vrouw",NA,"HBO",NA,NA,488.48,22.44,NA,NA,NA,63.9,NA,38.16,NA,50.09,NA,43.7,NA,44.48,NA,39.6,NA,72.59,NA,46.76,NA,34.52,NA,32.24,NA,NA,NA,NA
"174",241,NA,NA,"nl-informal",NA,NA,NA,NA,NA,NA,NA,NA,NA,NA,NA,NA,NA,NA,NA,NA,NA,NA,NA,NA,NA,NA,NA,NA,NA,NA,NA,NA,NA,NA,NA,NA,NA,NA,NA,NA,NA,NA,NA,NA,NA,NA,NA,NA,NA,NA,NA,NA,NA,NA,NA,NA,NA,NA,NA,NA,NA,NA,NA,NA,NA,NA,NA,NA,NA,NA,NA,NA,NA,NA,NA,0,NA,NA,NA,NA,NA,NA,NA,NA,NA,NA,NA,NA,NA,NA,NA,NA,NA,NA,NA,NA,NA,NA,NA,NA,NA,NA,NA
"175",242,"1980-01-01 00:00:00",12,"nl-informal","yes",NA,4,4,4,4,4,4,4,1,5,5,5,1,1,5,1,5,1,4,5,5,5,1,1,1,1,4,1,5,3,3,3,3,3,3,3,1,1,1,1,3,1,5,1,1,1,5,3,1,5,3,5,3,2,3,3,5,5,5,5,5,5,5,5,31,"Vrouw",NA,"HBO",NA,30,253.79,4.52,NA,NA,NA,19.85,NA,26.46,NA,24.7,NA,45.7,NA,17.14,NA,21.1,NA,24.74,NA,21.99,NA,16.91,NA,30.68,NA,NA,NA,NA
"176",243,"1980-01-01 00:00:00",12,"nl-informal","yes",NA,5,3,3,4,2,5,5,1,2,1,3,2,4,5,5,5,4,4,2,5,4,3,3,3,3,2,5,5,5,5,4,4,2,5,5,1,1,1,1,1,4,5,1,2,1,4,2,4,5,1,1,2,2,1,5,5,5,5,5,5,5,5,5,47,"Vrouw",NA,"WO (bijvoorbeeld een MSc of PhD)",NA,62,567.84,34.84,NA,NA,NA,61.54,NA,43.46,NA,140.57,NA,60.04,NA,39.15,NA,42.69,NA,57.27,NA,33.75,NA,24.14,NA,30.39,NA,NA,NA,NA
"177",244,"1980-01-01 00:00:00",12,"nl-informal","yes",NA,4,4,4,5,3,5,4,3,3,3,3,3,5,5,2,3,2,2,3,5,4,1,1,1,1,1,3,2,4,4,3,5,4,5,4,1,1,1,1,1,1,2,1,2,1,3,1,4,4,2,2,2,4,3,5,5,4,5,4,5,5,5,4,28,"Vrouw",NA,"WO (bijvoorbeeld een MSc of PhD)",NA,58,424.84,30.83,NA,NA,NA,62.36,NA,49.36,NA,39.43,NA,40.33,NA,31.68,NA,36.11,NA,34.16,NA,30.34,NA,24.96,NA,45.28,NA,NA,NA,NA
"178",245,NA,NA,"nl-informal",NA,NA,NA,NA,NA,NA,NA,NA,NA,NA,NA,NA,NA,NA,NA,NA,NA,NA,NA,NA,NA,NA,NA,NA,NA,NA,NA,NA,NA,NA,NA,NA,NA,NA,NA,NA,NA,NA,NA,NA,NA,NA,NA,NA,NA,NA,NA,NA,NA,NA,NA,NA,NA,NA,NA,NA,NA,NA,NA,NA,NA,NA,NA,NA,NA,NA,NA,NA,NA,NA,NA,0,NA,NA,NA,NA,NA,NA,NA,NA,NA,NA,NA,NA,NA,NA,NA,NA,NA,NA,NA,NA,NA,NA,NA,NA,NA,NA,NA
"179",246,"1980-01-01 00:00:00",12,"nl-informal","yes",NA,5,5,5,5,5,5,5,1,2,2,4,5,2,5,4,2,1,4,4,3,5,4,2,3,1,4,3,5,4,4,4,4,3,2,4,1,1,1,1,1,1,5,1,1,1,3,4,1,5,1,4,4,1,1,2,5,5,5,5,5,5,5,5,23,"Vrouw",NA,"HBO",NA,15,911.47,536.35,NA,NA,NA,35.57,NA,25.64,NA,31.96,NA,31.47,NA,32.78,NA,95.23,NA,36.07,NA,24.46,NA,21.7,NA,40.24,NA,NA,NA,NA
"180",247,"1980-01-01 00:00:00",12,"nl-informal","yes",NA,5,5,5,5,2,5,5,1,3,2,5,2,5,5,3,5,2,5,3,5,5,1,3,2,4,3,5,5,1,5,1,5,1,5,5,1,1,1,1,2,4,5,1,5,1,5,1,4,5,1,3,3,5,2,5,5,5,5,5,5,4,5,5,36,"Vrouw",NA,"HAVO / VWO",NA,25,485.47,7.84,NA,NA,NA,57.58,NA,50.56,NA,34.17,NA,56.49,NA,57.72,NA,51.05,NA,49.25,NA,45.47,NA,34.49,NA,40.85,NA,NA,NA,NA
"181",248,"1980-01-01 00:00:00",12,"nl-informal","yes",NA,5,5,5,3,4,5,5,1,3,3,5,3,5,5,1,1,4,3,3,5,5,2,2,2,2,3,5,5,5,5,5,5,4,5,5,1,1,1,1,2,5,5,1,1,1,5,2,1,2,1,2,4,3,4,5,5,5,5,5,5,4,5,5,51,"Man",NA,"WO (bijvoorbeeld een MSc of PhD)",NA,44,380.86,6.32,NA,NA,NA,47.87,NA,34.18,NA,32.36,NA,49.68,NA,25.28,NA,37.62,NA,43.38,NA,48.3,NA,27.94,NA,27.93,NA,NA,NA,NA
"182",249,NA,NA,"nl-informal",NA,NA,NA,NA,NA,NA,NA,NA,NA,NA,NA,NA,NA,NA,NA,NA,NA,NA,NA,NA,NA,NA,NA,NA,NA,NA,NA,NA,NA,NA,NA,NA,NA,NA,NA,NA,NA,NA,NA,NA,NA,NA,NA,NA,NA,NA,NA,NA,NA,NA,NA,NA,NA,NA,NA,NA,NA,NA,NA,NA,NA,NA,NA,NA,NA,NA,NA,NA,NA,NA,NA,0,NA,NA,NA,NA,NA,NA,NA,NA,NA,NA,NA,NA,NA,NA,NA,NA,NA,NA,NA,NA,NA,NA,NA,NA,NA,NA,NA
"183",251,"1980-01-01 00:00:00",12,"nl-informal","yes",NA,5,5,4,5,5,5,5,3,3,3,3,3,5,5,1,3,1,3,3,1,5,1,1,1,1,1,1,5,5,5,5,5,5,5,5,1,1,1,1,1,1,5,2,5,3,5,3,5,5,3,5,5,1,2,5,3,5,5,5,5,5,5,5,18,"Vrouw",NA,"HBO",NA,70,306.48,15.64,NA,NA,NA,39.63,NA,23.41,NA,32.3,NA,37.25,NA,42.6,NA,16.02,NA,26.89,NA,28.36,NA,14.45,NA,29.93,NA,NA,NA,NA
"184",252,NA,NA,"nl-informal",NA,NA,NA,NA,NA,NA,NA,NA,NA,NA,NA,NA,NA,NA,NA,NA,NA,NA,NA,NA,NA,NA,NA,NA,NA,NA,NA,NA,NA,NA,NA,NA,NA,NA,NA,NA,NA,NA,NA,NA,NA,NA,NA,NA,NA,NA,NA,NA,NA,NA,NA,NA,NA,NA,NA,NA,NA,NA,NA,NA,NA,NA,NA,NA,NA,NA,NA,NA,NA,NA,NA,0,NA,NA,NA,NA,NA,NA,NA,NA,NA,NA,NA,NA,NA,NA,NA,NA,NA,NA,NA,NA,NA,NA,NA,NA,NA,NA,NA
"185",253,NA,NA,"nl-informal",NA,NA,NA,NA,NA,NA,NA,NA,NA,NA,NA,NA,NA,NA,NA,NA,NA,NA,NA,NA,NA,NA,NA,NA,NA,NA,NA,NA,NA,NA,NA,NA,NA,NA,NA,NA,NA,NA,NA,NA,NA,NA,NA,NA,NA,NA,NA,NA,NA,NA,NA,NA,NA,NA,NA,NA,NA,NA,NA,NA,NA,NA,NA,NA,NA,NA,NA,NA,NA,NA,NA,0,NA,NA,NA,NA,NA,NA,NA,NA,NA,NA,NA,NA,NA,NA,NA,NA,NA,NA,NA,NA,NA,NA,NA,NA,NA,NA,NA
"186",254,NA,NA,"nl-informal",NA,NA,NA,NA,NA,NA,NA,NA,NA,NA,NA,NA,NA,NA,NA,NA,NA,NA,NA,NA,NA,NA,NA,NA,NA,NA,NA,NA,NA,NA,NA,NA,NA,NA,NA,NA,NA,NA,NA,NA,NA,NA,NA,NA,NA,NA,NA,NA,NA,NA,NA,NA,NA,NA,NA,NA,NA,NA,NA,NA,NA,NA,NA,NA,NA,NA,NA,NA,NA,NA,NA,0,NA,NA,NA,NA,NA,NA,NA,NA,NA,NA,NA,NA,NA,NA,NA,NA,NA,NA,NA,NA,NA,NA,NA,NA,NA,NA,NA
"187",255,NA,NA,"nl-informal",NA,NA,NA,NA,NA,NA,NA,NA,NA,NA,NA,NA,NA,NA,NA,NA,NA,NA,NA,NA,NA,NA,NA,NA,NA,NA,NA,NA,NA,NA,NA,NA,NA,NA,NA,NA,NA,NA,NA,NA,NA,NA,NA,NA,NA,NA,NA,NA,NA,NA,NA,NA,NA,NA,NA,NA,NA,NA,NA,NA,NA,NA,NA,NA,NA,NA,NA,NA,NA,NA,NA,0,NA,NA,NA,NA,NA,NA,NA,NA,NA,NA,NA,NA,NA,NA,NA,NA,NA,NA,NA,NA,NA,NA,NA,NA,NA,NA,NA
"188",256,NA,NA,"nl-informal",NA,NA,NA,NA,NA,NA,NA,NA,NA,NA,NA,NA,NA,NA,NA,NA,NA,NA,NA,NA,NA,NA,NA,NA,NA,NA,NA,NA,NA,NA,NA,NA,NA,NA,NA,NA,NA,NA,NA,NA,NA,NA,NA,NA,NA,NA,NA,NA,NA,NA,NA,NA,NA,NA,NA,NA,NA,NA,NA,NA,NA,NA,NA,NA,NA,NA,NA,NA,NA,NA,NA,0,NA,NA,NA,NA,NA,NA,NA,NA,NA,NA,NA,NA,NA,NA,NA,NA,NA,NA,NA,NA,NA,NA,NA,NA,NA,NA,NA
"189",257,NA,NA,"nl-informal",NA,NA,NA,NA,NA,NA,NA,NA,NA,NA,NA,NA,NA,NA,NA,NA,NA,NA,NA,NA,NA,NA,NA,NA,NA,NA,NA,NA,NA,NA,NA,NA,NA,NA,NA,NA,NA,NA,NA,NA,NA,NA,NA,NA,NA,NA,NA,NA,NA,NA,NA,NA,NA,NA,NA,NA,NA,NA,NA,NA,NA,NA,NA,NA,NA,NA,NA,NA,NA,NA,NA,0,NA,NA,NA,NA,NA,NA,NA,NA,NA,NA,NA,NA,NA,NA,NA,NA,NA,NA,NA,NA,NA,NA,NA,NA,NA,NA,NA
"190",258,NA,NA,"nl-informal",NA,NA,NA,NA,NA,NA,NA,NA,NA,NA,NA,NA,NA,NA,NA,NA,NA,NA,NA,NA,NA,NA,NA,NA,NA,NA,NA,NA,NA,NA,NA,NA,NA,NA,NA,NA,NA,NA,NA,NA,NA,NA,NA,NA,NA,NA,NA,NA,NA,NA,NA,NA,NA,NA,NA,NA,NA,NA,NA,NA,NA,NA,NA,NA,NA,NA,NA,NA,NA,NA,NA,0,NA,NA,NA,NA,NA,NA,NA,NA,NA,NA,NA,NA,NA,NA,NA,NA,NA,NA,NA,NA,NA,NA,NA,NA,NA,NA,NA
"191",261,"1980-01-01 00:00:00",12,"nl-informal","yes",NA,5,5,5,5,2,5,5,2,2,1,5,1,3,5,4,2,1,2,1,2,2,1,1,2,2,2,4,5,5,5,5,5,4,5,5,1,1,1,1,1,1,5,1,1,1,4,1,1,5,4,4,4,2,4,4,5,5,5,5,5,5,5,5,37,"Vrouw",NA,"HBO",NA,89,439.59,20.65,NA,NA,NA,70.36,NA,44.09,NA,59.45,NA,35.81,NA,26.42,NA,29.64,NA,45.03,NA,53.11,NA,24.43,NA,30.6,NA,NA,NA,NA
"192",262,"1980-01-01 00:00:00",12,"nl-informal","yes",NA,5,5,5,5,5,5,5,2,3,2,4,2,2,5,2,3,2,3,3,5,5,3,2,4,3,3,3,4,4,5,4,5,3,3,5,1,1,1,1,1,1,5,1,2,2,3,2,2,5,2,2,4,3,2,4,5,5,5,5,5,4,5,5,38,"Vrouw",NA,"HBO",NA,33,332.83,5.78,NA,NA,NA,37.66,NA,33.96,NA,27.87,NA,29.26,NA,26.86,NA,43.51,NA,31.84,NA,35.6,NA,33.17,NA,27.32,NA,NA,NA,NA
"193",263,"1980-01-01 00:00:00",12,"nl-informal","yes",NA,5,3,2,4,4,5,5,1,4,3,4,3,5,5,1,2,1,3,3,5,5,1,1,1,1,3,5,5,3,4,3,4,4,4,5,1,5,5,1,1,1,5,1,4,2,5,3,4,5,1,4,4,2,3,5,3,5,5,5,5,5,5,5,32,"Man",NA,"WO (bijvoorbeeld een MSc of PhD)",NA,39,289.63,20.5,NA,NA,NA,33.59,NA,28.28,NA,24.06,NA,20.72,NA,35.3,NA,23.41,NA,24.8,NA,29.64,NA,21.17,NA,28.16,NA,NA,NA,NA
"194",264,"1980-01-01 00:00:00",12,"nl-informal","yes",NA,5,5,3,5,2,5,5,5,5,5,5,2,5,5,4,3,1,5,4,5,3,1,1,2,3,3,5,5,2,3,2,5,4,5,5,1,1,1,2,2,5,5,1,1,1,4,1,1,5,2,2,4,5,3,5,5,5,5,5,5,3,5,5,28,"Vrouw",NA,"MBO (bijvoorbeeld een ROC)",NA,89,812.77,318.6,NA,NA,NA,82.43,NA,60.5,NA,42.04,NA,34.36,NA,39.18,NA,49.41,NA,36.23,NA,71.93,NA,30.18,NA,47.91,NA,NA,NA,NA
"195",265,"1980-01-01 00:00:00",12,"nl-informal","yes",NA,5,5,5,5,3,5,5,1,3,2,3,2,5,5,1,3,2,4,2,5,5,1,2,2,3,2,5,5,4,5,4,4,4,5,5,1,1,1,1,1,1,5,1,2,1,5,2,1,5,1,2,5,3,2,5,5,5,5,5,5,5,5,5,33,"Vrouw",NA,"HBO",NA,43,293.18,7.77,NA,NA,NA,34.54,NA,30.24,NA,34.56,NA,32.52,NA,31.33,NA,27.72,NA,29.04,NA,24.11,NA,15.87,NA,25.48,NA,NA,NA,NA
"196",266,"1980-01-01 00:00:00",12,"nl-informal","yes",NA,4,4,4,5,3,4,4,2,3,2,3,2,4,5,2,3,3,5,3,5,4,2,3,3,3,3,4,5,3,4,1,4,3,3,3,1,1,1,1,3,2,5,1,1,1,5,2,3,5,1,3,3,2,2,5,5,5,5,5,5,5,5,5,30,"Vrouw",NA,"WO (bijvoorbeeld een MSc of PhD)",NA,39,327.14,9.14,NA,NA,NA,35.04,NA,34.68,NA,42.38,NA,34.52,NA,31.09,NA,32.55,NA,29.57,NA,36.69,NA,23.1,NA,18.38,NA,NA,NA,NA
"197",267,"1980-01-01 00:00:00",12,"nl-informal","yes",NA,5,5,4,5,5,5,5,1,1,1,3,1,2,5,1,3,2,4,3,4,5,1,2,4,1,1,4,5,5,5,4,5,5,5,5,1,1,2,1,1,3,5,1,2,2,4,3,2,5,1,3,3,2,1,4,5,5,5,5,5,5,5,5,50,"Vrouw",NA,"WO (bijvoorbeeld een MSc of PhD)",NA,46,841.88,458.25,NA,NA,NA,42.5,NA,52.38,NA,38.54,NA,40.18,NA,32.33,NA,52.83,NA,38.62,NA,32.23,NA,21.81,NA,32.21,NA,NA,NA,NA
"198",269,"1980-01-01 00:00:00",12,"nl-informal","yes",NA,5,5,4,5,3,4,5,2,3,3,4,3,4,5,2,1,2,3,3,5,5,1,1,1,2,3,4,5,5,5,5,5,4,5,5,1,1,1,1,1,1,3,1,2,1,5,2,2,5,2,2,4,3,3,4,5,5,5,5,3,5,5,5,35,"Vrouw",NA,"HBO",NA,48,333.11,36.02,NA,NA,NA,27.8,NA,44.86,NA,38.56,NA,21.78,NA,18.69,NA,23.69,NA,40.74,NA,23.09,NA,18.09,NA,39.79,NA,NA,NA,NA
"199",270,NA,3,"nl-informal","yes",NA,5,5,5,3,3,3,3,NA,NA,NA,NA,NA,NA,NA,NA,NA,NA,NA,NA,NA,NA,NA,NA,NA,NA,NA,NA,NA,NA,NA,NA,NA,NA,NA,NA,NA,NA,NA,NA,NA,NA,NA,NA,NA,NA,NA,NA,NA,NA,NA,NA,NA,NA,NA,NA,NA,NA,NA,NA,NA,NA,NA,NA,NA,NA,NA,NA,NA,NA,23.2,6.54,NA,NA,NA,16.66,NA,NA,NA,NA,NA,NA,NA,NA,NA,NA,NA,NA,NA,NA,NA,NA,NA,NA,NA,NA,NA,NA
"200",271,"1980-01-01 00:00:00",12,"nl-informal","yes",NA,5,5,4,5,3,5,5,5,5,5,5,2,5,5,4,5,5,5,3,5,5,1,1,1,1,1,1,1,5,5,3,5,5,5,5,1,1,1,1,1,1,5,1,3,1,5,2,1,5,1,2,5,2,3,5,5,5,5,3,5,5,5,5,28,"Vrouw",NA,"HBO",NA,22,298.6,12.34,NA,NA,NA,43.42,NA,17.51,NA,29.07,NA,54.93,NA,27.45,NA,18.09,NA,29.05,NA,32.25,NA,11.28,NA,23.21,NA,NA,NA,NA
"201",272,"1980-01-01 00:00:00",12,"nl-informal","yes",NA,5,5,3,3,5,5,5,1,5,2,5,4,5,5,1,5,3,5,3,5,5,1,2,3,3,3,5,5,5,5,3,5,5,5,5,1,1,1,1,1,1,5,1,1,1,4,1,3,5,1,2,5,2,4,5,5,5,5,3,5,5,5,5,50,"Vrouw",NA,"WO (bijvoorbeeld een MSc of PhD)",NA,80,622.37,45.01,NA,NA,NA,60.22,NA,63.15,NA,56.59,NA,58.6,NA,34.47,NA,66.69,NA,92.61,NA,53.74,NA,52.96,NA,38.33,NA,NA,NA,NA
"202",273,"1980-01-01 00:00:00",12,"nl-informal","yes",NA,5,5,4,5,3,5,4,1,3,2,4,2,5,5,5,5,4,5,3,5,4,1,2,1,2,2,4,4,4,5,4,5,3,5,4,1,1,1,1,1,4,4,1,2,2,5,2,2,3,1,2,3,3,2,5,4,5,5,4,5,4,5,5,24,"Vrouw",NA,"HBO",NA,38,443.97,90.04,NA,NA,NA,36.37,NA,34.91,NA,26.97,NA,49.83,NA,29.05,NA,41.66,NA,26.44,NA,29.86,NA,44.28,NA,34.56,NA,NA,NA,NA
"203",277,"1980-01-01 00:00:00",12,"nl-informal","yes",NA,5,5,3,5,3,5,5,1,3,1,3,2,2,5,4,4,4,5,3,4,5,1,1,2,1,2,3,3,4,5,3,5,2,4,5,1,1,1,1,1,3,3,1,3,2,4,2,2,5,2,3,3,3,3,4,5,5,5,5,5,4,5,5,50,"Vrouw",NA,"WO (bijvoorbeeld een MSc of PhD)",NA,97,657.6,107.84,NA,NA,NA,66.34,NA,61.53,NA,77.21,NA,48.68,NA,52.14,NA,47.68,NA,44.61,NA,51.86,NA,32.48,NA,67.23,NA,NA,NA,NA
"204",281,"1980-01-01 00:00:00",12,"nl-informal","yes",NA,5,5,4,5,3,5,4,1,3,1,3,4,4,5,3,3,2,4,2,2,4,3,2,2,3,3,5,4,4,4,4,4,4,5,5,1,1,1,1,1,1,5,1,3,1,3,2,1,5,1,3,3,4,2,5,5,5,5,5,5,5,5,5,50,"Vrouw",NA,"HBO",NA,46,667.38,35.78,NA,NA,NA,71.14,NA,55.56,NA,79.67,NA,88.71,NA,78.58,NA,79.18,NA,44.81,NA,55.05,NA,33.23,NA,45.67,NA,NA,NA,NA
"205",282,"1980-01-01 00:00:00",12,"nl-informal","yes",NA,5,4,3,3,3,5,3,5,5,5,5,2,5,5,3,3,3,3,3,3,5,2,3,3,5,3,5,5,5,5,4,5,4,5,5,1,1,1,1,1,1,5,1,5,1,3,3,1,5,1,3,4,3,2,1,1,5,5,3,5,4,5,5,53,"Vrouw",NA,"WO (bijvoorbeeld een MSc of PhD)",NA,35,413.77,4.19,NA,NA,NA,54.41,NA,34.63,NA,40.08,NA,39.21,NA,32.15,NA,30.48,NA,44.24,NA,65.78,NA,28.69,NA,39.91,NA,NA,NA,NA
"206",283,"1980-01-01 00:00:00",12,"nl-informal","yes",NA,4,4,4,4,1,5,2,1,3,1,3,2,2,4,2,3,2,3,3,2,2,4,2,3,3,4,5,5,4,3,3,5,3,4,4,1,1,1,1,2,4,4,1,4,3,4,3,1,3,2,2,4,2,3,4,4,5,5,5,4,4,5,4,24,"Vrouw",NA,"HBO",NA,56,1545.67,1190.04,NA,NA,NA,46.49,NA,35.48,NA,35.88,NA,32.67,NA,38.33,NA,47.25,NA,40.33,NA,33.31,NA,26.56,NA,19.33,NA,NA,NA,NA
"207",285,"1980-01-01 00:00:00",12,"nl-informal","yes",NA,5,5,3,5,2,5,5,2,5,2,4,2,3,5,4,5,3,5,3,5,4,1,1,2,3,3,5,5,3,5,3,4,3,4,5,1,1,1,1,2,3,5,1,4,4,4,2,2,5,1,1,4,2,2,5,5,5,5,3,5,5,5,5,31,"Vrouw",NA,"WO (bijvoorbeeld een MSc of PhD)",NA,28,307.06,4.65,NA,NA,NA,38.33,NA,27.78,NA,37.64,NA,24.74,NA,30.86,NA,41.73,NA,26.24,NA,27.06,NA,12.8,NA,35.23,NA,NA,NA,NA
"208",286,"1980-01-01 00:00:00",12,"nl-informal","yes",NA,5,5,3,5,5,5,5,3,4,3,5,3,5,5,1,1,3,5,1,5,5,3,3,3,5,5,5,5,1,3,3,5,2,5,5,1,1,1,1,1,1,5,1,1,1,5,3,5,5,1,1,3,3,1,5,5,5,5,5,5,5,5,5,29,"Vrouw",NA,"MBO (bijvoorbeeld een ROC)",NA,25,666.31,45.18,NA,NA,NA,87.97,NA,41.54,NA,64.64,NA,64.56,NA,40.99,NA,82.8,NA,42.77,NA,84.8,NA,47.03,NA,64.03,NA,NA,NA,NA
"209",291,"1980-01-01 00:00:00",12,"nl-informal","yes",NA,5,5,5,5,4,5,5,5,5,5,3,3,5,5,2,3,2,5,3,5,5,4,3,1,3,4,5,5,4,5,5,5,4,5,5,1,1,1,1,1,2,5,1,3,3,5,4,4,5,3,4,4,2,3,5,5,5,5,5,5,4,5,5,24,"Vrouw",NA,"HBO",NA,48,345.74,19.68,NA,NA,NA,40.88,NA,24.11,NA,45.27,NA,32.16,NA,30.87,NA,38.66,NA,32.37,NA,31.44,NA,19.78,NA,30.52,NA,NA,NA,NA
"210",292,"1980-01-01 00:00:00",12,"nl-informal","yes",NA,5,4,3,4,2,5,4,1,3,3,3,3,4,3,2,3,3,3,2,4,3,4,3,3,2,3,4,3,3,3,3,5,3,5,3,1,2,2,1,1,3,3,1,2,2,2,2,3,3,2,3,4,2,3,5,3,5,4,3,4,3,5,3,42,"Vrouw",NA,"HBO",NA,14,480.12,34.92,NA,NA,NA,63.4,NA,42.83,NA,47.62,NA,33.35,NA,31.72,NA,47.25,NA,53.92,NA,38.3,NA,40.69,NA,46.12,NA,NA,NA,NA
"211",293,"1980-01-01 00:00:00",12,"nl-informal","yes",NA,5,4,3,3,4,5,5,2,4,3,3,3,5,5,2,4,4,3,4,5,5,1,1,1,1,2,5,5,4,4,4,4,4,5,5,1,1,1,1,1,5,5,1,3,3,4,3,5,5,2,4,4,3,4,5,5,5,5,5,5,5,5,5,36,"Vrouw",NA,"WO (bijvoorbeeld een MSc of PhD)",NA,10,405,26.23,NA,NA,NA,59.93,NA,26.61,NA,39.14,NA,48.37,NA,36.15,NA,41.91,NA,29.04,NA,32.09,NA,25.57,NA,39.96,NA,NA,NA,NA
"212",295,"1980-01-01 00:00:00",12,"nl-informal","yes",NA,5,5,5,5,1,5,5,2,3,2,5,3,4,5,1,3,1,3,3,5,2,1,1,1,1,3,5,5,3,4,3,5,3,5,3,1,1,1,1,1,1,3,1,4,4,4,2,3,5,1,2,3,1,1,5,5,5,5,5,5,5,5,5,30,"Vrouw",NA,"HBO",NA,37,403.06,32.71,NA,NA,NA,59.97,NA,36.2,NA,29.52,NA,28.39,NA,34.62,NA,39.99,NA,31.27,NA,50.77,NA,26.83,NA,32.79,NA,NA,NA,NA
"213",296,"1980-01-01 00:00:00",12,"nl-informal","yes",NA,5,5,4,5,3,5,5,1,2,2,3,3,4,5,2,4,5,4,4,3,5,2,1,1,1,3,2,5,4,4,3,4,4,5,5,1,1,1,1,2,1,5,1,1,1,4,4,2,5,2,4,4,3,3,4,5,5,5,5,5,3,5,5,39,"Vrouw",NA,"HBO",NA,20,351.06,7.89,NA,NA,NA,34.6,NA,35.86,NA,44.16,NA,45.01,NA,37.04,NA,32.24,NA,25.87,NA,34.85,NA,28.24,NA,25.3,NA,NA,NA,NA
"214",48,"1980-01-01 00:00:00",12,"nl-informal","yes",NA,5,4,4,5,1,5,5,1,1,1,3,1,5,5,1,5,1,3,1,2,2,4,3,3,2,5,5,3,5,5,4,5,4,5,4,1,1,1,1,2,1,3,1,1,1,4,1,1,4,2,3,5,2,4,5,3,4,4,4,5,3,4,5,50,"Man",NA,"WO (bijvoorbeeld een MSc of PhD)",NA,62,NA,NA,NA,NA,NA,NA,NA,NA,NA,NA,NA,NA,NA,NA,NA,NA,NA,NA,NA,NA,NA,NA,NA,NA,NA,NA,NA,NA
"215",47,"1980-01-01 00:00:00",12,"nl-informal","yes",NA,4,3,3,3,2,4,5,1,2,1,5,1,5,5,1,4,2,4,2,1,5,1,1,1,1,2,1,5,5,5,5,5,4,5,5,1,1,1,1,1,1,5,1,1,1,1,1,1,5,1,1,1,1,2,1,5,5,5,5,3,5,5,5,76,"Man",NA,"HBO",NA,63,NA,NA,NA,NA,NA,NA,NA,NA,NA,NA,NA,NA,NA,NA,NA,NA,NA,NA,NA,NA,NA,NA,NA,NA,NA,NA,NA,NA
"216",46,NA,NA,"nl-informal",NA,NA,NA,NA,NA,NA,NA,NA,NA,NA,NA,NA,NA,NA,NA,NA,NA,NA,NA,NA,NA,NA,NA,NA,NA,NA,NA,NA,NA,NA,NA,NA,NA,NA,NA,NA,NA,NA,NA,NA,NA,NA,NA,NA,NA,NA,NA,NA,NA,NA,NA,NA,NA,NA,NA,NA,NA,NA,NA,NA,NA,NA,NA,NA,NA,NA,NA,NA,NA,NA,NA,NA,NA,NA,NA,NA,NA,NA,NA,NA,NA,NA,NA,NA,NA,NA,NA,NA,NA,NA,NA,NA,NA,NA,NA,NA,NA,NA,NA
"217",45,NA,NA,"nl-informal",NA,NA,NA,NA,NA,NA,NA,NA,NA,NA,NA,NA,NA,NA,NA,NA,NA,NA,NA,NA,NA,NA,NA,NA,NA,NA,NA,NA,NA,NA,NA,NA,NA,NA,NA,NA,NA,NA,NA,NA,NA,NA,NA,NA,NA,NA,NA,NA,NA,NA,NA,NA,NA,NA,NA,NA,NA,NA,NA,NA,NA,NA,NA,NA,NA,NA,NA,NA,NA,NA,NA,NA,NA,NA,NA,NA,NA,NA,NA,NA,NA,NA,NA,NA,NA,NA,NA,NA,NA,NA,NA,NA,NA,NA,NA,NA,NA,NA,NA
"218",44,NA,NA,"nl-informal",NA,NA,NA,NA,NA,NA,NA,NA,NA,NA,NA,NA,NA,NA,NA,NA,NA,NA,NA,NA,NA,NA,NA,NA,NA,NA,NA,NA,NA,NA,NA,NA,NA,NA,NA,NA,NA,NA,NA,NA,NA,NA,NA,NA,NA,NA,NA,NA,NA,NA,NA,NA,NA,NA,NA,NA,NA,NA,NA,NA,NA,NA,NA,NA,NA,NA,NA,NA,NA,NA,NA,NA,NA,NA,NA,NA,NA,NA,NA,NA,NA,NA,NA,NA,NA,NA,NA,NA,NA,NA,NA,NA,NA,NA,NA,NA,NA,NA,NA
"219",43,NA,NA,"nl-informal",NA,NA,NA,NA,NA,NA,NA,NA,NA,NA,NA,NA,NA,NA,NA,NA,NA,NA,NA,NA,NA,NA,NA,NA,NA,NA,NA,NA,NA,NA,NA,NA,NA,NA,NA,NA,NA,NA,NA,NA,NA,NA,NA,NA,NA,NA,NA,NA,NA,NA,NA,NA,NA,NA,NA,NA,NA,NA,NA,NA,NA,NA,NA,NA,NA,NA,NA,NA,NA,NA,NA,NA,NA,NA,NA,NA,NA,NA,NA,NA,NA,NA,NA,NA,NA,NA,NA,NA,NA,NA,NA,NA,NA,NA,NA,NA,NA,NA,NA
"220",42,"1980-01-01 00:00:00",12,"nl-informal","yes",NA,5,5,5,5,1,5,5,1,1,1,5,2,4,5,1,3,2,5,1,5,5,2,2,2,2,3,5,5,4,4,5,5,3,4,5,1,1,1,2,1,3,5,1,1,1,3,1,1,5,1,3,5,4,2,5,5,5,5,5,5,4,5,5,47,"Man",NA,"WO (bijvoorbeeld een MSc of PhD)",NA,48,NA,NA,NA,NA,NA,NA,NA,NA,NA,NA,NA,NA,NA,NA,NA,NA,NA,NA,NA,NA,NA,NA,NA,NA,NA,NA,NA,NA
"221",41,NA,2,"nl-informal","yes",NA,NA,NA,NA,NA,NA,NA,NA,NA,NA,NA,NA,NA,NA,NA,NA,NA,NA,NA,NA,NA,NA,NA,NA,NA,NA,NA,NA,NA,NA,NA,NA,NA,NA,NA,NA,NA,NA,NA,NA,NA,NA,NA,NA,NA,NA,NA,NA,NA,NA,NA,NA,NA,NA,NA,NA,NA,NA,NA,NA,NA,NA,NA,NA,NA,NA,NA,NA,NA,NA,NA,NA,NA,NA,NA,NA,NA,NA,NA,NA,NA,NA,NA,NA,NA,NA,NA,NA,NA,NA,NA,NA,NA,NA,NA,NA,NA,NA
"222",49,NA,2,"nl-informal","yes",NA,5,NA,NA,NA,NA,NA,NA,NA,NA,NA,NA,NA,NA,NA,NA,NA,NA,NA,NA,NA,NA,NA,NA,NA,NA,NA,NA,NA,NA,NA,NA,NA,NA,NA,NA,NA,NA,NA,NA,NA,NA,NA,NA,NA,NA,NA,NA,NA,NA,NA,NA,NA,NA,NA,NA,NA,NA,NA,NA,NA,NA,NA,NA,NA,NA,NA,NA,NA,NA,39.94,19.14,NA,NA,NA,20.8,NA,NA,NA,NA,NA,NA,NA,NA,NA,NA,NA,NA,NA,NA,NA,NA,NA,NA,NA,NA,NA,NA
