"Respons ID","Datum verzonden","Laatste pagina","Begin taal","Dit is een onderzoek naar acht soorten gedrag. Over elk gedrag worden zeven vragen gesteld om in kaart te brengen hoe u over het gedrag denkt. Het doel van het onderzoek is om te kijken of de redenen die mensen voor elk gedrag geven ongeveer hetzelfde zijn. Is het bijvoorbeeld voor elk gedrag even belangrijk hoe prettig mensen het vinden, of wat andere mensen doen?  	Deze studie is zo opgezet dat alle data anoniem worden verzameld. Deze zijn dus nooit naar u te herleiden. Bovendien kunt u op elk moment stoppen. Als u nog vragen heeft kunt u die altijd stellen via ciberlite@a-bc.eu. Alleen personen van 18 jaar en ouder mogen meedoen aan deze studie.  	Door akkoord te gaan met deelname geeft u aan bovenstaande tekst te hebben gelezen en begrepen, geeft u aan dat u 18 jaar of ouder bent, en geeft u toestemming om uw data, die anoniem zullen worden verzameld, te gebruiken voor wetenschappelijk onderzoek.","Jammer dat u heeft besloten niet mee te doen met deze studie. Wij zijn heel benieuwd waarom: als u wilt kunt u de reden hiervoor hieronder aangeven.","Dit is een oefenvraag, om te wennen aan de vragen die we stellen.  	Deze vragen gaan over de komende minuten een vragenlijst invullen. 	  [Ik ben van plan om de komende minuten een vragenlijst in te vullen.Absoluut niet | Absoluut wel]","Dit is een oefenvraag, om te wennen aan de vragen die we stellen.  	Deze vragen gaan over de komende minuten een vragenlijst invullen. 	  [Voor mijzelf is de komende minuten een vragenlijst invullen ...Slecht | Goed]","Dit is een oefenvraag, om te wennen aan de vragen die we stellen.  	Deze vragen gaan over de komende minuten een vragenlijst invullen. 	  [Voor mijzelf is de komende minuten een vragenlijst invullen ...Onprettig | Prettig]","Dit is een oefenvraag, om te wennen aan de vragen die we stellen.  	Deze vragen gaan over de komende minuten een vragenlijst invullen. 	  [Als ik de komende minuten een vragenlijst invul, dan keuren de meeste mensen die belangrijk voor mij zijn dat ...Af | Goed]","Dit is een oefenvraag, om te wennen aan de vragen die we stellen.  	Deze vragen gaan over de komende minuten een vragenlijst invullen. 	  [Hoeveel van de mensen die zijn zoals jij vullen de komende minuten een vragenlijst in?Niemand | Iedereen]","Dit is een oefenvraag, om te wennen aan de vragen die we stellen.  	Deze vragen gaan over de komende minuten een vragenlijst invullen. 	  [Ik heb er vertrouwen in dat als ik dat wil, ik de komende minuten een vragenlijst in kan vullen.Helemaal geen vertrouwen | Heel veel vertrouwen]","Dit is een oefenvraag, om te wennen aan de vragen die we stellen.  	Deze vragen gaan over de komende minuten een vragenlijst invullen. 	  [Of ik de komende minuten een vragenlijst invul, bepaal ik ...Helemaal niet zelf | Helemaal zelf]","Deze vragen gaan over de komende maand helemaal geen koffie drinken. [Ik ben van plan om de komende maand helemaal geen koffie te drinken.Absoluut niet | Absoluut wel]","Deze vragen gaan over de komende maand helemaal geen koffie drinken. [Voor mijzelf is de komende maand helemaal geen koffie drinken ...Slecht | Goed]","Deze vragen gaan over de komende maand helemaal geen koffie drinken. [Voor mijzelf is de komende maand helemaal geen koffie drinken ...Onprettig | Prettig]","Deze vragen gaan over de komende maand helemaal geen koffie drinken. [Als ik de komende maand helemaal geen koffie drink, dan keuren de meeste mensen die belangrijk voor mij zijn dat ...Af | Goed]","Deze vragen gaan over de komende maand helemaal geen koffie drinken. [Hoeveel van de mensen die zijn zoals jij drinken de komende maand helemaal geen koffie?Niemand | Iedereen]","Deze vragen gaan over de komende maand helemaal geen koffie drinken. [Ik heb er vertrouwen in dat als ik dat wil, ik de komende maand helemaal geen koffie kan drinken.Helemaal geen vertrouwen | Heel veel vertrouwen]","Deze vragen gaan over de komende maand helemaal geen koffie drinken. [Of ik de komende maand helemaal geen koffie drink, bepaal ik ...Helemaal niet zelf | Helemaal zelf]","Deze vragen gaan over de komende maand vooral met het openbaar vervoer reizen. [Ik ben van plan om de komende maand vooral met het openbaar vervoer te reizen.Absoluut niet | Absoluut wel]","Deze vragen gaan over de komende maand vooral met het openbaar vervoer reizen. [Voor mijzelf is de komende maand vooral met het openbaar vervoer reizen ...Slecht | Goed]","Deze vragen gaan over de komende maand vooral met het openbaar vervoer reizen. [Voor mijzelf is de komende maand vooral met het openbaar vervoer reizen ...Onprettig | Prettig]","Deze vragen gaan over de komende maand vooral met het openbaar vervoer reizen. [Als ik de komende maand vooral met het openbaar vervoer zou reizen, dan keuren de meeste mensen die belangrijk voor mij zijn dat ...Af | Goed]","Deze vragen gaan over de komende maand vooral met het openbaar vervoer reizen. [Hoeveel van de mensen die zijn zoals jij reizen de komende maand vooral met het openbaar vervoer?Niemand | Iedereen]","Deze vragen gaan over de komende maand vooral met het openbaar vervoer reizen. [Ik heb er vertrouwen in dat als ik dat wil, ik de komende maand vooral met het openbaar vervoer kan reizen.Helemaal geen vertrouwen | Heel veel vertrouwen]","Deze vragen gaan over de komende maand vooral met het openbaar vervoer reizen. [Of ik de komende maand vooral met het openbaar vervoer reis, bepaal ik ...Helemaal niet zelf | Helemaal zelf]","Deze vragen gaan over de komende maand soms door rood licht fietsen. [Ik ben van plan om de komende maand soms door rood licht te fietsen.Absoluut niet | Absoluut wel]","Deze vragen gaan over de komende maand soms door rood licht fietsen. [Voor mijzelf is de komende maand soms door rood licht fietsen ...Slecht | Goed]","Deze vragen gaan over de komende maand soms door rood licht fietsen. [Voor mijzelf is de komende maand soms door rood licht fietsen ...Onprettig | Prettig]","Deze vragen gaan over de komende maand soms door rood licht fietsen. [Als ik de komende maand soms door rood licht fiets, dan keuren de meeste mensen die belangrijk voor mij zijn dat ...Af | Goed]","Deze vragen gaan over de komende maand soms door rood licht fietsen. [Hoeveel van de mensen die zijn zoals jij fietsen de komende maand soms door rood licht?Niemand | Iedereen]","Deze vragen gaan over de komende maand soms door rood licht fietsen. [Ik heb er vertrouwen in dat als ik dat wil, ik de komende maand soms door rood licht kan fietsen.Helemaal geen vertrouwen | Heel veel vertrouwen]","Deze vragen gaan over de komende maand soms door rood licht fietsen. [Of ik de komende maand soms door rood licht fiets, bepaal ik ...Helemaal niet zelf | Helemaal zelf]","Deze vragen gaan over de komende maand uw afval altijd nauwkeurig scheiden. [Ik ben van plan om de komende maand mijn afval altijd nauwkeurig te scheiden.Absoluut niet | Absoluut wel]","Deze vragen gaan over de komende maand uw afval altijd nauwkeurig scheiden. [Voor mijzelf is de komende maand mijn afval altijd nauwkeurig scheiden ...Slecht | Goed]","Deze vragen gaan over de komende maand uw afval altijd nauwkeurig scheiden. [Voor mijzelf is de komende maand mijn afval altijd nauwkeurig scheiden ...Onprettig | Prettig]","Deze vragen gaan over de komende maand uw afval altijd nauwkeurig scheiden. [Als ik de komende maand mijn afval altijd nauwkeurig scheid, dan keuren de meeste mensen die belangrijk voor mij zijn dat ...Af | Goed]","Deze vragen gaan over de komende maand uw afval altijd nauwkeurig scheiden. [Hoeveel van de mensen die zijn zoals jij scheiden de komende maand hun afval altijd nauwkeurig?Niemand | Iedereen]","Deze vragen gaan over de komende maand uw afval altijd nauwkeurig scheiden. [Ik heb er vertrouwen in dat als ik dat wil, ik de komende maand mijn afval altijd nauwkeurig kan scheiden.Helemaal geen vertrouwen | Heel veel vertrouwen]","Deze vragen gaan over de komende maand uw afval altijd nauwkeurig scheiden. [Of ik de komende maand mijn afval altijd nauwkeurig scheid, bepaal ik ...Helemaal niet zelf | Helemaal zelf]","Deze vragen gaan over de komende maand iemand voor 10.000 euro oplichten. [Ik ben van plan om de komende maand iemand voor 10.000 euro op te lichten.Absoluut niet | Absoluut wel]","Deze vragen gaan over de komende maand iemand voor 10.000 euro oplichten. [Voor mijzelf is de komende maand iemand voor 10.000 euro oplichten ...Slecht | Goed]","Deze vragen gaan over de komende maand iemand voor 10.000 euro oplichten. [Voor mijzelf is de komende maand iemand voor 10.000 euro oplichten ...Onprettig | Prettig]","Deze vragen gaan over de komende maand iemand voor 10.000 euro oplichten. [Als ik de komende maand iemand voor 10.000 euro oplicht, dan keuren de meeste mensen die belangrijk voor mij zijn dat ...Af | Goed]","Deze vragen gaan over de komende maand iemand voor 10.000 euro oplichten. [Hoeveel van de mensen die zijn zoals jij lichten de komende maand iemand voor 10.000 euro op?Niemand | Iedereen]","Deze vragen gaan over de komende maand iemand voor 10.000 euro oplichten. [Ik heb er vertrouwen in dat als ik dat wil, ik de komende maand iemand voor 10.000 euro kan oplichten.Helemaal geen vertrouwen | Heel veel vertrouwen]","Deze vragen gaan over de komende maand iemand voor 10.000 euro oplichten. [Of ik de komende maand iemand voor 10.000 euro oplicht, bepaal ik ...Helemaal niet zelf | Helemaal zelf]","Deze vragen gaan over de komende maand een marathon uitlopen. [Ik ben van plan om de komende maand een marathon uit te lopen.Absoluut niet | Absoluut wel]","Deze vragen gaan over de komende maand een marathon uitlopen. [Voor mijzelf is de komende maand een marathon uitlopen ...Slecht | Goed]","Deze vragen gaan over de komende maand een marathon uitlopen. [Voor mijzelf is de komende maand een marathon uitlopen ...Onprettig | Prettig]","Deze vragen gaan over de komende maand een marathon uitlopen. [Als ik de komende maand een marathon uitloop, dan keuren de meeste mensen die belangrijk voor mij zijn dat ...Af | Goed]","Deze vragen gaan over de komende maand een marathon uitlopen. [Hoeveel van de mensen die zijn zoals jij lopen de komende maand een marathon uit?Niemand | Iedereen]","Deze vragen gaan over de komende maand een marathon uitlopen. [Ik heb er vertrouwen in dat als ik dat wil, ik de komende maand een marathon kan uitlopen.Helemaal geen vertrouwen | Heel veel vertrouwen]","Deze vragen gaan over de komende maand een marathon uitlopen. [Of ik de komende maand een marathon uitloop, bepaal ik ...Helemaal niet zelf | Helemaal zelf]","Deze vragen gaan over de komende maand vaak extra lang douchen. [Ik ben van plan om de komende maand vaak extra lang te douchen.Absoluut niet | Absoluut wel]","Deze vragen gaan over de komende maand vaak extra lang douchen. [Voor mijzelf is de komende maand vaak extra lang douchen ...Slecht | Goed]","Deze vragen gaan over de komende maand vaak extra lang douchen. [Voor mijzelf is de komende maand vaak extra lang douchen ...Onprettig | Prettig]","Deze vragen gaan over de komende maand vaak extra lang douchen. [Als ik de komende maand vaak extra lang douche, dan keuren de meeste mensen die belangrijk voor mij zijn dat ...Af | Goed]","Deze vragen gaan over de komende maand vaak extra lang douchen. [Hoeveel van de mensen die zijn zoals jij douchen de komende maand vaak extra lang?Niemand | Iedereen]","Deze vragen gaan over de komende maand vaak extra lang douchen. [Ik heb er vertrouwen in dat als ik dat wil, ik de komende maand vaak extra lang kan douchen.Helemaal geen vertrouwen | Heel veel vertrouwen]","Deze vragen gaan over de komende maand vaak extra lang douchen. [Of ik de komende maand vaak extra lang douche, bepaal ik ...Helemaal niet zelf | Helemaal zelf]","Deze vragen gaan over de komende maand elke dag je tanden poetsen. [Ik ben van plan om de komende maand elke dag mijn tanden te poetsen.Absoluut niet | Absoluut wel]","Deze vragen gaan over de komende maand elke dag je tanden poetsen. [Voor mijzelf is de komende maand elke dag mijn tanden poetsen ...Slecht | Goed]","Deze vragen gaan over de komende maand elke dag je tanden poetsen. [Voor mijzelf is de komende maand elke dag mijn tanden poetsen ...Onprettig | Prettig]","Deze vragen gaan over de komende maand elke dag je tanden poetsen. [Als ik de komende maand elke dag mijn tanden poets, dan keuren de meeste mensen die belangrijk voor mij zijn dat ...Af | Goed]","Deze vragen gaan over de komende maand elke dag je tanden poetsen. [Hoeveel van de mensen die zijn zoals jij poetsen de komende maand elke dag hun tanden?Niemand | Iedereen]","Deze vragen gaan over de komende maand elke dag je tanden poetsen. [Ik heb er vertrouwen in dat als ik dat wil, ik de komende maand elke dag mijn tanden kan poetsen.Helemaal geen vertrouwen | Heel veel vertrouwen]","Deze vragen gaan over de komende maand elke dag je tanden poetsen. [Of ik de komende maand elke dag mijn tanden poets, bepaal ik ...Helemaal niet zelf | Helemaal zelf]","Hoe oud bent u?","Wat is uw geslacht?","Wat is uw geslacht? [Andere]","Wat is de hoogste opleiding die u heeft afgerond of nu volgt?","Wat is de hoogste opleiding die u heeft afgerond of nu volgt? [Andere]","Wat zijn de eerste twee cijfers van uw postcode?","Omdat deze studie in het Virtueel Laboratorium is opgenomen, is deelname primair educatief. Als u er bezwaar tegen heeft dat uw data worden gebruikt voor wetenschappelijke (of andere) doeleinden, dan kunt u dat hier aangeven. [Ik geef geen toestemming voor het gebruik van mijn data, en ik wil dat mijn data worden verwijderd.]","Totaaltijd","Groep tijd: Toestemmingsverklaring","Vraagtijd: informedConsent","Groep tijd: Geen toestemming gegeven voor deelname","Vraagtijd: noConsentReason","Groep tijd: Oefenvraag: de komende minuten een vragenlijst invullen","Vraagtijd: practiceBehavior","Groep tijd: De komende maand helemaal geen koffie drinken","Vraagtijd: coffee","Groep tijd: De komende maand vooral met het openbaar vervoer reizen","Vraagtijd: publicTransport","Groep tijd: De komende maand soms door rood licht fietsen","Vraagtijd: runRedLight","Groep tijd: De komende maand afval altijd nauwkeurig scheiden","Vraagtijd: wasteSeparation","Groep tijd: De komende maand iemand voor 10.000 euro oplichten","Vraagtijd: conSomebody","Groep tijd: De komende maand een marathon uitlopen","Vraagtijd: marathon","Groep tijd: De komende maand vaak extra lang douchen","Vraagtijd: longShower","Groep tijd: De komende maand elke dag je tanden poetsen","Vraagtijd: brushingTeeth","Groep tijd: Algemene informatie","Vraagtijd: age","Vraagtijd: sex","Vraagtijd: education","Vraagtijd: region","Vraagtijd: dataMustBeDeleted"
"21","1980-01-01 00:00:00","12","nl-informal","yes","","5","5","5","5","1","4","4","1","3","2","5","2","4","5","2","5","3","5","3","1","1","1","1","1","1","2","3","5","5","5","3","5","4","5","5","1","1","1","1","1","1","5","1","1","1","3","2","1","5","3","3","5","4","3","3","2","5","5","5","5","5","5","5","28","femal","","5","","35","1","","","","","","","","","","","","","","","","","","","","","","","","","","","","",""
"22","1980-01-01 00:00:00","12","nl-informal","yes","","5","5","5","5","3","4","5","5","3","2","3","3","5","5","2","4","4","4","2","5","5","1","1","1","1","2","1","5","5","5","5","5","4","5","5","1","1","1","1","1","1","5","1","1","2","3","3","3","5","2","2","2","2","4","2","5","5","5","5","5","5","5","5","39","male","","5","","73","2","334.33","14.7","","","","47.68","","52.94","","26.24","","19.09","","33.03","","42.68","","26.06","","28","","20.95","","22.96","","","","",""
"23","","","nl-informal","","","","","","","","","","","","","","","","","","","","","","","","","","","","","","","","","","","","","","","","","","","","","","","","","","","","","","","","","","","","","","","","","","","","","","","","","0","","","","","","","","","","","","","","","","","","","","","","","","","","","",""
"24","1980-01-01 00:00:00","12","nl-informal","yes","","5","3","3","4","3","5","5","5","5","5","3","3","5","5","2","3","2","4","4","3","3","4","2","3","3","4","4","4","1","3","1","4","3","2","3","1","3","3","1","2","1","4","1","3","1","5","3","1","5","1","2","3","2","3","4","3","5","5","3","5","4","5","5","21","femal","","5","","97","1","345.34","24.59","","","","37.2","","34.91","","26.33","","27.01","","29.61","","32.69","","25.6","","41.36","","29.47","","36.57","","","","",""
"25","1980-01-01 00:00:00","12","nl-informal","yes","","5","5","4","5","1","5","5","1","2","2","5","2","4","5","5","5","5","5","4","5","5","3","2","3","3","4","5","5","3","4","3","5","3","4","5","1","1","1","1","1","2","4","2","3","3","5","3","3","4","2","2","3","2","2","4","4","5","5","5","5","4","5","5","20","femal","","5","","97","1","389.19","19.31","","","","35.85","","47.01","","19.81","","39.63","","30.46","","50.48","","51.3","","40.65","","21.51","","33.18","","","","",""
"26","1980-01-01 00:00:00","12","nl-informal","yes","","5","5","3","4","3","4","5","5","5","5","5","3","5","5","4","4","1","4","4","5","5","3","2","2","2","3","5","5","5","5","5","5","4","5","5","1","1","1","1","1","1","5","1","4","2","4","2","5","5","2","2","4","3","3","5","5","5","5","5","5","5","5","5","24","femal","","5","","11","1","2295.04","7.64","","","","60.87","","27.99","","29.2","","94.83","","24.38","","31.59","","23.07","","1952.68","","20.4","","22.39","","","","",""
"27","1980-01-01 00:00:00","12","nl-informal","yes","","5","4","4","4","1","4","5","1","1","1","1","3","5","5","3","3","3","3","2","5","5","1","2","2","4","3","5","5","4","5","4","5","3","4","5","1","1","1","1","1","1","5","1","1","1","1","1","1","5","1","1","3","1","2","5","5","5","5","5","5","5","5","5","58","femal","","6","","89","1","396.62","27.24","","","","49.07","","30.46","","40.56","","28.28","","43.05","","37.09","","26.72","","35.6","","51.72","","26.83","","","","",""
"28","1980-01-01 00:00:00","12","nl-informal","yes","","5","4","3","4","5","5","2","5","1","5","3","4","5","5","2","4","1","5","2","4","5","4","2","4","1","3","5","4","4","5","3","5","4","5","5","1","1","1","1","1","1","5","1","1","1","1","2","1","5","2","3","5","1","2","5","4","5","5","4","5","5","5","5","47","femal","","5","","97","1","891.35","23.16","","","","74.14","","238.41","","113.82","","78.51","","57.35","","51.66","","52.9","","69.13","","92.89","","39.38","","","","",""
"29","1980-01-01 00:00:00","12","nl-informal","yes","","4","3","3","5","4","5","5","2","3","3","5","2","5","5","4","4","4","5","4","5","5","4","2","3","1","4","4","5","2","3","3","3","3","4","5","1","1","1","1","1","1","5","2","2","4","4","1","4","5","5","4","5","5","5","5","5","5","5","5","5","5","5","5","23","femal","","6","","10","2","310.35","28.18","","","","44.26","","28.14","","31.25","","23.86","","45.04","","25.15","","24.43","","21.34","","14.11","","24.59","","","","",""
"30","1980-01-01 00:00:00","12","nl-informal","yes","","5","3","2","5","2","5","5","5","5","5","5","2","5","5","3","4","2","5","4","5","4","1","1","1","2","3","3","5","3","5","3","5","3","5","3","1","1","1","1","1","1","5","1","2","1","3","2","3","5","2","4","4","4","2","5","4","5","5","5","5","4","5","5","18","femal","","6","","60","1","313.63","32.8","","","","32.32","","22.03","","31.59","","26.35","","36.62","","28.87","","29.35","","25.46","","20.61","","27.63","","","","",""
"31","","","nl-informal","","","","","","","","","","","","","","","","","","","","","","","","","","","","","","","","","","","","","","","","","","","","","","","","","","","","","","","","","","","","","","","","","","","","","","","","","0","","","","","","","","","","","","","","","","","","","","","","","","","","","",""
"32","1980-01-01 00:00:00","12","nl-informal","yes","","5","4","2","3","1","4","5","1","3","2","3","3","4","5","1","2","1","4","3","2","5","4","2","3","2","3","4","5","5","5","5","4","4","4","5","1","1","1","1","1","1","5","1","2","2","3","2","2","5","2","2","4","3","2","5","5","5","5","5","5","5","5","5","27","femal","","6","","52","1","299.63","12.18","","","","38.16","","34.04","","31.64","","45.33","","22.5","","17.93","","30.88","","32.75","","14.95","","19.27","","","","",""
"33","1980-01-01 00:00:00","12","nl-informal","yes","","5","5","3","5","2","5","4","2","5","4","3","4","5","5","3","4","3","5","3","5","3","2","2","3","3","5","5","5","5","5","3","5","4","5","5","1","1","1","1","1","2","3","1","2","1","3","2","2","4","2","1","1","2","2","5","4","5","5","4","5","5","5","5","37","femal","","5","","65","1","532.05","19.34","","","","83.64","","35.98","","62.45","","64.27","","34.36","","50.82","","57.59","","51.77","","31.17","","40.66","","","","",""
"34","1980-01-01 00:00:00","12","nl-informal","yes","","5","5","4","5","3","5","5","1","2","1","3","3","5","5","2","2","2","5","3","5","5","2","2","2","2","3","5","5","3","5","3","5","3","5","5","1","1","1","1","1","5","5","1","2","1","3","3","5","5","1","2","2","2","3","5","5","5","5","5","5","4","5","5","54","femal","","6","","11","2","461.66","40.84","","","","44.92","","32.69","","81.8","","59.86","","36.91","","25.65","","40.75","","46.67","","24.63","","26.94","","","","",""
"35","1980-01-01 00:00:00","12","nl-informal","yes","","5","3","3","5","1","5","5","1","1","1","5","2","2","5","1","2","2","5","3","2","4","2","2","2","2","3","4","4","4","4","4","5","4","4","4","1","1","1","1","1","1","4","1","1","1","2","2","2","4","3","2","3","3","3","4","4","5","5","5","5","5","5","5","42","male","","5","","39","1","472.17","35.25","","","","49.57","","48.37","","46.3","","56.11","","54.23","","34.48","","53.19","","36.71","","27.21","","30.75","","","","",""
"36","1980-01-01 00:00:00","12","nl-informal","yes","","5","3","3","4","2","5","5","1","5","3","5","2","4","5","1","3","2","4","3","3","2","1","1","1","1","1","1","5","4","4","4","5","4","4","4","1","1","1","1","1","2","5","1","1","1","2","2","1","4","1","2","4","4","2","4","4","5","5","5","5","5","5","5","42","femal","","5","","30","2","427.78","20.51","","","","68.64","","30.25","","39.61","","34.18","","38.58","","35.12","","37.63","","62.78","","31.12","","29.36","","","","",""
"37","1980-01-01 00:00:00","12","nl-informal","yes","","5","5","3","4","3","5","5","1","1","1","3","3","2","5","3","3","3","3","2","5","5","1","1","1","1","1","2","5","4","5","4","5","4","4","5","1","1","1","1","2","1","5","1","1","1","2","1","1","5","1","1","3","1","1","1","5","5","5","5","5","5","5","5","55","femal","","5","","77","1","426.5","48.82","","","","59.91","","39.41","","32.53","","37.37","","37.91","","31.13","","37.59","","51.98","","24.39","","25.46","","","","",""
"38","1980-01-01 00:00:00","12","nl-informal","yes","","5","5","4","5","3","5","5","1","2","1","3","1","5","5","1","1","1","3","3","5","5","4","2","2","3","4","5","5","4","3","4","4","4","5","5","1","1","1","1","1","3","5","1","1","1","3","3","1","3","3","2","4","2","3","5","5","5","5","5","5","5","5","5","29","femal","","6","","10","1","835.02","373.46","","","","56.04","","46.43","","49.33","","33.24","","66.62","","43.23","","40.73","","68.07","","19.11","","38.76","","","","",""
"39","1980-01-01 00:00:00","12","nl-informal","yes","","5","5","5","4","3","5","5","1","2","2","3","2","3","5","5","5","4","5","4","5","5","1","1","1","1","2","1","5","5","5","4","4","3","4","5","1","1","1","1","1","1","5","2","4","3","4","2","4","5","2","2","4","1","2","4","5","5","5","5","5","5","5","5","21","femal","","3","","77","1","245.96","12.71","","","","28.86","","27.58","","17.32","","22.74","","27.88","","12.61","","26.66","","21.15","","23.95","","24.5","","","","",""
"40","1980-01-01 00:00:00","12","nl-informal","yes","","5","5","5","5","3","5","5","5","5","5","5","3","5","5","2","2","2","5","3","5","5","1","1","1","1","1","1","5","5","5","5","5","5","5","5","1","1","1","1","1","1","5","3","3","3","3","3","3","5","3","3","4","3","3","5","5","5","5","5","5","5","5","5","40","femal","","6","","17","1","514.32","70.77","","","","60.37","","37.14","","56.14","","47.17","","35.86","","39.5","","47.56","","53.35","","31.8","","34.66","","","","",""
"41","1980-01-01 00:00:00","12","nl-informal","yes","","5","5","5","3","3","5","5","5","5","5","5","3","5","5","1","3","1","3","3","5","5","1","1","1","1","1","1","5","5","5","5","3","5","5","5","1","1","1","1","1","1","5","1","3","3","3","3","5","5","3","3","3","3","3","3","5","5","5","5","3","5","5","5","37","femal","","5","","10","2","366.61","9.64","","","","46.83","","29.04","","53.5","","35.21","","32.67","","31.13","","30.41","","33.8","","27.91","","36.47","","","","",""
"42","1980-01-01 00:00:00","12","nl-informal","yes","","5","5","3","5","3","5","5","5","5","5","4","5","5","5","1","1","1","3","2","1","2","3","2","4","3","3","4","4","3","5","3","4","3","3","4","1","1","1","1","1","1","5","1","2","2","3","2","4","5","1","1","4","3","2","3","4","5","5","5","5","5","5","5","41","femal","","-oth-","post hbo","16","1","497.57","37.71","","","","59.76","","38.46","","45.49","","47.46","","59.52","","36.16","","43.02","","48.08","","25.78","","56.13","","","","",""
"43","1980-01-01 00:00:00","12","nl-informal","yes","","5","5","5","5","5","5","5","5","5","5","5","5","5","5","1","1","1","1","1","1","1","1","1","1","1","1","1","1","3","3","3","3","3","3","3","1","1","1","1","1","1","1","1","1","1","1","1","1","1","1","1","1","1","1","1","1","5","5","5","5","5","5","5","34","femal","","5","","10","1","524.61","7.73","","","","30.93","","13.18","","278.32","","91.53","","10.51","","16.02","","7.35","","7.61","","25.71","","35.72","","","","",""
"44","1980-01-01 00:00:00","12","nl-informal","yes","","5","5","4","5","4","4","4","1","3","3","5","3","5","5","1","2","2","5","3","4","5","2","2","2","2","2","5","5","4","4","5","5","4","5","5","1","1","1","1","1","1","5","1","1","1","3","3","1","5","3","4","4","4","3","4","5","5","5","5","5","5","5","5","47","femal","","6","","17","1","665.33","40.52","","","","182.64","","52.34","","61.89","","57.82","","56.65","","28.06","","46.03","","50.04","","32.52","","56.82","","","","",""
"45","1980-01-01 00:00:00","12","nl-informal","yes","","5","5","5","5","3","5","5","1","1","1","5","1","3","3","2","2","3","5","2","2","2","1","1","1","1","1","5","5","5","5","5","5","5","5","5","1","1","1","1","1","1","5","1","1","1","1","1","1","1","1","1","1","1","1","5","5","5","5","5","5","5","5","5","34","male","","6","","00","1","496.51","59.63","","","","97.74","","41.82","","72.01","","21.48","","21.32","","57.04","","34.9","","23.95","","21.89","","44.73","","","","",""
"46","1980-01-01 00:00:00","12","nl-informal","yes","","5","5","5","5","1","5","5","1","1","1","5","1","3","5","1","1","1","5","1","5","5","1","1","1","1","1","5","5","5","5","5","5","5","5","5","1","1","1","1","1","1","5","1","1","1","1","1","1","5","1","1","1","1","1","5","5","5","5","5","5","5","5","5","34","male","","5","","88","1","232.53","12.62","","","","27.99","","17.48","","24.6","","15.33","","13.3","","30.68","","13.26","","13.86","","35.19","","28.22","","","","",""
"47","1980-01-01 00:00:00","12","nl-informal","yes","","5","5","5","5","3","5","5","5","5","4","5","5","5","5","5","5","3","5","5","5","5","1","3","3","1","3","5","3","4","5","3","5","3","3","5","1","1","1","1","1","1","5","4","4","4","4","2","3","5","1","1","3","1","1","1","5","5","5","5","5","5","5","5","36","femal","","5","","22","1","448.79","35.68","","","","47.1","","50.46","","28.78","","70.19","","40.81","","38.77","","42.46","","37.62","","20.97","","35.95","","","","",""
"48","1980-01-01 00:00:00","12","nl-informal","yes","","5","5","4","5","5","5","4","1","2","2","5","3","5","5","4","4","4","5","3","5","5","1","1","1","1","3","1","5","4","5","5","5","3","4","4","1","1","1","3","3","1","5","1","1","1","3","1","1","5","5","5","5","5","3","5","5","5","5","5","5","5","5","5","55","femal","","6","","26","1","1739.1","52.53","","","","270","","154.6","","118.03","","202.07","","151.37","","291.55","","119.97","","119.57","","112.16","","147.25","","","","",""
"49","1980-01-01 00:00:00","12","nl-informal","yes","","5","4","3","4","2","5","5","1","4","3","3","3","4","5","1","3","3","3","3","4","5","3","3","3","2","2","5","5","4","4","4","5","3","5","5","1","1","1","1","1","3","5","1","1","1","1","1","1","5","3","4","4","3","2","5","5","5","5","4","4","5","5","5","61","femal","","6","","52","1","486.14","19.56","","","","53.21","","35.89","","62.1","","46.67","","60.34","","43.61","","32.91","","32.53","","66.78","","32.54","","","","",""
"50","1980-01-01 00:00:00","12","nl-informal","yes","","5","5","3","4","2","5","4","1","2","2","3","2","4","4","3","4","3","4","3","4","3","1","1","1","2","2","4","4","5","4","3","4","3","5","5","1","2","2","1","2","2","4","1","1","1","4","1","2","3","2","2","3","2","2","4","5","5","5","4","5","4","5","5","31","male","","5","","","1","371.89","10.12","","","","41.62","","29.88","","58.22","","34.39","","28.12","","48.25","","28.51","","36.13","","23.28","","33.37","","","","",""
"51","1980-01-01 00:00:00","12","nl-informal","yes","","5","3","3","3","3","4","5","5","5","5","4","2","5","5","2","2","3","5","3","5","5","4","2","3","2","3","5","5","1","3","3","4","3","5","5","1","1","1","1","1","1","5","1","1","1","3","2","1","5","3","1","5","2","3","5","5","5","5","5","5","5","5","5","32","male","","3","","12","1","412.12","40.86","","","","55.96","","44.96","","49.23","","43.68","","32.38","","26.41","","31.44","","29.82","","26.06","","31.32","","","","",""
"52","1980-01-01 00:00:00","12","nl-informal","yes","","5","5","5","5","4","5","5","2","2","2","2","1","4","4","1","1","1","1","1","2","4","2","2","2","2","4","4","4","2","5","2","4","2","2","2","1","1","1","1","1","1","4","1","5","3","5","2","1","2","1","1","3","1","1","4","2","5","5","5","5","5","5","5","27","femal","","6","","10","2","346.83","8.82","","","","49.74","","43.66","","29.36","","39.32","","41.73","","27.57","","35.28","","32.38","","19.19","","19.78","","","","",""
"53","1980-01-01 00:00:00","12","nl-informal","yes","","5","5","5","5","5","5","5","1","1","1","5","3","3","5","2","3","2","5","3","4","5","4","4","3","2","4","4","5","5","5","5","5","4","5","5","1","1","1","1","1","1","5","1","1","1","5","1","2","5","1","1","3","1","2","5","5","5","5","5","5","5","5","5","55","femal","","5","","23","1","384.04","32.39","","","","42.35","","35.34","","60.58","","37.82","","30.42","","27.41","","31.49","","32.42","","26.08","","27.74","","","","",""
"54","1980-01-01 00:00:00","12","nl-informal","yes","","5","4","3","5","1","4","5","1","4","2","5","3","2","5","4","2","3","5","3","3","5","3","3","3","2","4","4","5","3","4","2","5","4","4","5","1","1","1","1","1","2","5","1","2","1","5","1","1","5","2","2","4","3","3","5","5","5","5","5","5","3","5","5","25","femal","","5","","10","1","804.52","68.75","","","","70.41","","68.1","","36.54","","76.81","","38.19","","120.77","","188.02","","59.78","","39.53","","37.62","","","","",""
"55","1980-01-01 00:00:00","12","nl-informal","yes","","5","5","3","4","1","5","5","1","4","2","3","2","4","5","5","5","5","3","4","5","4","1","3","3","3","5","4","5","2","5","2","3","2","5","5","1","3","3","3","2","2","3","1","5","3","3","2","5","5","1","3","3","3","3","5","5","5","5","5","5","5","5","5","29","male","","6","","20","1","417.26","8.31","","","","60.69","","40.3","","34.68","","47.24","","35.64","","47.39","","36.79","","37.98","","29.99","","38.25","","","","",""
"56","1980-01-01 00:00:00","12","nl-informal","yes","","5","3","3","4","1","5","5","4","5","4","3","3","4","5","1","3","1","1","1","3","3","1","1","1","1","1","5","3","4","4","4","4","3","4","4","1","1","1","1","1","1","4","1","1","1","1","1","2","4","1","1","2","2","2","3","3","5","5","5","5","5","5","5","35","femal","","6","","29","1","1519.85","33.94","","","","41.05","","177.86","","58.38","","47.07","","423.94","","421.09","","43.64","","53.9","","27.72","","191.26","","","","",""
"57","1980-01-01 00:00:00","12","nl-informal","yes","","5","5","4","5","2","5","5","1","1","1","3","3","3","5","4","5","5","5","4","5","4","1","1","1","1","2","3","4","4","5","5","5","4","5","5","1","1","1","1","1","2","5","1","1","1","4","3","3","4","2","2","4","3","3","5","4","5","5","5","5","5","5","5","48","femal","","5","","65","1","442.76","36.96","","","","55.16","","41.73","","42.74","","30.99","","39.34","","44.18","","37.74","","45.49","","33.46","","34.97","","","","",""
"58","","","nl-informal","","","","","","","","","","","","","","","","","","","","","","","","","","","","","","","","","","","","","","","","","","","","","","","","","","","","","","","","","","","","","","","","","","","","","","","","","0","","","","","","","","","","","","","","","","","","","","","","","","","","","",""
"59","1980-01-01 00:00:00","12","nl-informal","yes","","5","3","3","5","3","4","5","2","4","3","3","2","5","5","1","2","1","5","2","4","4","1","1","1","1","1","1","3","4","5","5","5","4","5","5","1","1","1","1","1","1","3","1","1","1","5","2","4","5","2","3","3","4","3","5","5","5","5","5","5","5","5","5","25","femal","","3","","74","1","559.82","30.94","","","","101.91","","53.32","","49.01","","43.57","","48.94","","70.33","","50.04","","44.67","","21.14","","45.95","","","","",""
"60","1980-01-01 00:00:00","12","nl-informal","yes","","5","4","3","5","3","5","5","4","5","4","5","4","5","5","1","3","4","4","3","5","5","2","2","2","2","2","4","5","4","5","5","5","4","5","5","1","1","1","1","1","3","5","1","1","1","1","1","3","4","2","2","2","3","3","4","5","5","5","5","5","5","5","5","26","femal","","5","","97","1","546","40.48","","","","160.32","","23.97","","37.18","","26.61","","35.7","","36.12","","38.83","","50.5","","60.89","","35.4","","","","",""
"61","","","nl-informal","","","","","","","","","","","","","","","","","","","","","","","","","","","","","","","","","","","","","","","","","","","","","","","","","","","","","","","","","","","","","","","","","","","","","","","","","0","","","","","","","","","","","","","","","","","","","","","","","","","","","",""
"62","1980-01-01 00:00:00","12","nl-informal","yes","","5","5","3","5","5","5","5","1","5","1","5","2","5","5","5","5","5","5","5","5","5","1","1","1","1","3","5","5","2","5","5","5","2","5","5","1","1","1","1","1","5","5","1","2","2","5","3","5","5","1","3","5","5","3","5","5","5","5","5","5","4","5","5","22","femal","","5","","56","1","332.21","7.14","","","","45.09","","28.89","","44.36","","24.55","","32.8","","21","","30.75","","49.98","","20.49","","27.16","","","","",""
"63","1980-01-01 00:00:00","12","nl-informal","yes","","5","5","3","5","1","5","5","1","3","1","3","2","5","5","1","3","1","3","1","3","5","1","1","1","1","1","5","5","3","5","2","5","3","5","5","1","1","1","1","1","1","5","1","3","3","4","1","1","5","1","3","3","3","2","5","5","5","5","5","5","5","5","5","34","femal","","6","","46","1","1094.45","53.49","","","","109.15","","123","","106.26","","81.02","","169.47","","88.44","","68.37","","217.38","","25.49","","52.38","","","","",""
"64","1980-01-01 00:00:00","12","nl-informal","yes","","5","5","5","5","1","5","5","2","3","2","3","2","4","5","2","3","3","5","3","3","5","1","1","1","1","2","1","5","5","5","4","5","4","5","5","1","1","1","1","1","1","5","1","3","3","5","2","2","5","2","3","3","3","2","4","5","5","5","5","5","5","5","5","48","male","","6","","55","2","600.62","16.81","","","","46.69","","50.17","","63.25","","78.55","","34.6","","54.46","","56","","36.33","","26.41","","137.35","","","","",""
"65","1980-01-01 00:00:00","12","nl-informal","yes","","5","3","3","4","2","5","4","5","5","5","5","2","5","5","2","3","2","4","3","4","5","2","3","3","2","4","4","2","4","4","3","4","3","4","5","1","2","1","1","2","3","3","1","2","2","4","2","1","3","2","4","4","2","3","4","4","5","5","5","5","5","5","5","36","femal","","5","","34","1","349.31","18.65","","","","44.86","","38.6","","32.54","","33.67","","29.9","","35.75","","38.58","","27.74","","25.81","","23.21","","","","",""
"66","1980-01-01 00:00:00","12","nl-informal","yes","","4","5","4","4","2","5","5","2","4","3","3","4","5","5","2","3","3","3","3","5","5","1","2","1","2","2","5","5","4","5","4","5","5","5","5","1","1","1","1","1","3","5","1","4","5","5","3","2","5","2","2","3","2","1","5","5","5","5","5","5","5","5","5","37","male","","6","","92","2","384.62","8.17","","","","45.52","","48.89","","34.19","","51.33","","43.01","","43.91","","34.15","","32.47","","22.9","","20.08","","","","",""
"67","1980-01-01 00:00:00","12","nl-informal","yes","","5","4","3","5","2","5","5","1","3","2","5","3","5","5","1","2","1","5","3","5","5","2","3","3","3","4","5","5","4","5","4","5","3","5","4","1","1","1","1","2","3","4","1","2","1","5","3","5","5","1","2","2","4","3","5","5","5","5","5","5","5","5","5","24","femal","","6","","56","1","522.39","46.22","","","","44.64","","28.55","","33.83","","50.77","","38.43","","98.65","","30.34","","73.48","","23.01","","54.47","","","","",""
"68","1980-01-01 00:00:00","12","nl-informal","yes","","5","5","5","5","3","4","5","1","3","1","5","1","5","5","3","4","4","5","3","5","5","1","3","3","3","3","3","5","1","5","5","5","1","1","1","1","1","1","1","1","1","5","1","3","3","5","1","1","5","1","4","4","3","1","5","5","5","5","5","5","5","5","5","46","femal","","6","","78","1","676.79","60.3","","","","63.96","","55.12","","62.66","","49.06","","56.03","","62.84","","76.98","","55.38","","44.85","","89.61","","","","",""
"69","1980-01-01 00:00:00","12","nl-informal","yes","","5","5","5","5","2","5","5","1","4","1","5","3","2","2","1","1","2","5","3","5","3","3","1","3","1","3","5","5","5","5","5","5","4","5","5","1","1","1","1","1","3","5","1","1","1","5","2","1","5","1","4","4","3","3","4","4","5","5","3","5","5","5","5","41","male","","5","","37","1","289.88","6.92","","","","31.44","","30.07","","45.29","","29.8","","18.16","","28.05","","21.8","","25.45","","22.69","","30.21","","","","",""
"70","1980-01-01 00:00:00","12","nl-informal","yes","","5","5","3","5","1","4","5","2","5","3","3","2","5","4","1","1","1","3","3","2","4","3","4","4","3","4","5","4","1","2","1","5","3","2","2","1","1","1","1","1","1","5","1","1","1","5","2","1","5","3","3","4","2","3","3","3","5","5","4","5","5","5","5","45","femal","","5","","10","1","552.15","43.98","","","","53.41","","52.78","","45.86","","51.47","","60.75","","53.44","","46.26","","61.89","","33.49","","48.82","","","","",""
"71","1980-01-01 00:00:00","12","nl-informal","yes","","5","3","3","3","3","5","1","1","2","1","3","3","2","5","1","3","2","3","3","3","5","3","3","3","2","3","5","2","4","5","2","5","3","4","4","1","1","1","1","1","1","4","1","1","1","5","3","1","5","3","4","5","2","3","5","4","5","5","4","5","5","5","4","54","femal","","5","","10","1","495.03","38.82","","","","82.58","","45.71","","46.46","","45","","42.2","","46.79","","30.48","","39.3","","27.08","","50.61","","","","",""
"72","1980-01-01 00:00:00","12","nl-informal","yes","","5","3","4","4","3","4","5","1","3","2","3","3","3","5","2","2","1","1","1","4","3","2","2","2","2","3","4","5","2","4","5","4","3","2","1","1","1","1","1","2","2","5","1","1","1","2","2","1","5","2","3","4","2","2","4","5","5","5","4","4","4","5","5","52","male","","6","","23","1","350.26","10.22","","","","50.73","","34.64","","42.01","","30.84","","31.89","","26.01","","24.58","","36.75","","30.44","","32.15","","","","",""
"73","1980-01-01 00:00:00","12","nl-informal","yes","","5","5","3","5","1","5","5","1","2","1","3","1","3","5","2","1","1","3","3","1","5","1","1","1","1","1","1","5","4","4","4","4","3","5","5","1","1","1","1","1","4","5","3","4","5","4","3","5","5","4","5","5","3","3","4","5","5","5","5","5","3","5","5","33","femal","","5","","19","1","602.47","7.46","","","","61.74","","67.83","","52.48","","54.67","","51.08","","48.57","","30.32","","55.5","","38.3","","134.52","","","","",""
"74","1980-01-01 00:00:00","12","nl-informal","yes","","5","4","3","4","1","5","5","1","4","1","3","2","5","5","5","4","5","4","3","5","5","4","5","4","3","4","4","5","5","3","2","4","3","5","5","1","1","2","1","1","2","4","1","2","1","4","1","2","4","1","4","5","3","3","5","5","5","5","4","4","5","5","5","51","femal","","5","","71","2","486.95","28.27","","","","47.18","","59.17","","31.98","","31.77","","57.61","","71.55","","35.37","","50.12","","48.73","","25.2","","","","",""
"75","1980-01-01 00:00:00","12","nl-informal","yes","","5","4","4","5","3","5","5","5","5","5","3","5","5","5","4","4","3","3","4","5","5","1","1","1","1","1","4","2","4","5","4","5","3","5","5","1","1","1","1","1","1","5","1","1","1","2","1","1","5","2","2","2","3","2","5","5","5","5","5","5","5","5","5","51","femal","","5","","14","2","533.7","29.48","","","","49.54","","33.28","","50.87","","78.42","","54.1","","35.52","","53.49","","85.92","","26.81","","36.27","","","","",""
"76","1980-01-01 00:00:00","12","nl-informal","yes","","5","5","3","5","1","5","5","1","3","2","5","1","4","5","1","1","1","3","1","2","5","1","3","3","3","3","3","5","3","3","3","4","3","4","4","1","1","1","1","1","1","5","1","1","1","3","1","2","5","2","4","4","3","3","4","5","5","5","4","5","4","4","5","34","femal","","5","","72","1","3011.33","41.62","","","","62.19","","75.8","","46.65","","50.52","","100.98","","45.64","","54.38","","60.35","","41.58","","2431.62","","","","",""
"77","1980-01-01 00:00:00","12","nl-informal","yes","","5","5","5","5","3","5","5","5","5","5","5","5","5","5","2","2","2","3","2","4","4","2","2","2","3","4","4","2","4","4","4","4","4","4","5","1","1","1","1","1","1","1","1","1","1","2","2","1","5","2","2","2","3","2","5","5","5","5","5","5","5","5","5","51","femal","","5","","14","2","361.64","7","","","","30.13","","25.59","","72.92","","51.75","","29.62","","31.38","","30.92","","37.8","","21.23","","23.3","","","","",""
"78","1980-01-01 00:00:00","12","nl-informal","yes","","5","3","3","5","3","5","5","1","1","1","3","1","4","5","1","2","2","3","2","4","5","1","1","1","1","3","3","5","5","5","3","4","4","5","5","1","1","1","1","1","1","5","1","1","1","3","1","1","5","3","5","5","3","3","5","5","5","5","3","5","5","5","5","36","male","","3","","93","1","477.41","20.02","","","","58.52","","45.06","","41.08","","32.79","","43.88","","27.83","","22.02","","25.41","","28.05","","132.75","","","","",""
"79","1980-01-01 00:00:00","12","nl-informal","yes","","3","3","3","3","3","3","3","1","1","1","2","2","4","4","3","3","3","3","3","4","4","2","2","2","2","2","5","5","3","3","4","4","4","5","5","2","2","2","3","3","3","3","4","4","4","4","4","4","3","4","3","4","4","4","4","5","2","3","3","3","3","3","5","32","male","","3","","12","1","103.46","3.99","","","","7.79","","8.91","","7.89","","9.82","","7.21","","16.93","","6.32","","8.26","","14.36","","11.98","","","","",""
"80","1980-01-01 00:00:00","12","nl-informal","yes","","5","3","3","5","1","5","5","5","5","5","5","5","5","5","2","2","2","5","2","5","5","2","1","2","4","3","5","5","5","5","3","5","5","5","5","1","1","1","1","1","1","5","1","2","2","3","1","1","5","4","5","5","3","4","4","4","5","5","4","5","5","5","5","31","femal","","5","","48","1","519.39","32.42","","","","61.64","","27.05","","55.95","","81.67","","57.97","","40.51","","35.56","","52.31","","39.35","","34.96","","","","",""
"81","1980-01-01 00:00:00","12","nl-informal","yes","","5","5","4","5","3","5","5","1","1","1","3","3","2","3","1","3","3","3","3","5","5","1","1","3","1","3","5","5","5","5","5","5","5","5","5","1","1","1","1","1","1","5","1","1","5","5","1","3","5","3","4","4","3","3","4","5","5","5","5","5","5","5","5","39","male","","6","","97","1","467.54","39.1","","","","50.94","","62.44","","42.11","","43.98","","33.13","","41.78","","43.37","","43.96","","31.83","","34.9","","","","",""
"82","1980-01-01 00:00:00","12","nl-informal","yes","","5","5","5","5","2","5","4","1","4","1","3","2","4","5","5","5","4","4","4","5","5","3","3","3","2","4","5","5","2","4","2","4","3","5","5","1","1","1","1","1","1","3","1","4","4","4","3","2","4","1","2","1","3","2","4","4","5","5","5","5","5","5","5","47","femal","","5","","25","1","578.93","33.7","","","","44.88","","59.63","","35.37","","53.39","","61.86","","51.97","","49","","59.17","","40.56","","89.4","","","","",""
"83","1980-01-01 00:00:00","12","nl-informal","yes","","5","3","3","5","1","5","5","1","5","5","5","3","5","5","1","3","3","3","3","5","5","1","1","1","1","3","5","5","4","5","2","5","3","5","5","1","1","1","1","1","1","5","1","1","1","1","1","1","5","1","1","3","3","3","5","5","5","5","5","5","5","5","5","34","femal","","6","","68","2","514.87","5.85","","","","39.17","","291.2","","16.56","","13.83","","42.34","","27.14","","20.94","","19.58","","26.63","","11.63","","","","",""
"84","1980-01-01 00:00:00","12","nl-informal","yes","","5","4","5","5","1","5","5","4","4","2","4","3","4","5","1","1","1","3","4","5","5","2","3","4","3","4","5","5","3","5","1","5","2","4","5","1","1","1","1","1","3","5","2","5","4","5","4","3","5","1","2","4","3","3","5","5","5","5","5","5","5","5","5","24","femal","","5","","35","2","227.99","3.4","","","","32.37","","19.17","","18.43","","35.42","","21.25","","24.09","","27.56","","24.29","","11.57","","10.44","","","","",""
"85","1980-01-01 00:00:00","12","nl-informal","yes","","5","5","2","5","5","5","3","3","4","4","5","2","4","5","1","5","1","5","3","5","3","2","1","1","2","3","5","5","1","5","2","4","3","4","4","1","1","1","1","1","1","5","1","3","1","1","2","1","5","3","5","5","5","4","5","5","5","5","4","5","5","5","5","33","femal","","6","","13","1","434.65","14.19","","","","44.84","","44.43","","33.95","","72.64","","61.66","","23.3","","54.67","","25.47","","24","","35.5","","","","",""
"86","1980-01-01 00:00:00","12","nl-informal","yes","","5","5","5","5","5","5","5","1","4","4","5","3","5","5","2","4","2","4","2","4","5","2","2","5","4","2","5","4","3","5","4","5","4","5","5","1","1","1","1","1","2","5","1","2","1","4","2","2","5","2","1","2","2","2","5","5","5","5","5","5","5","5","5","26","femal","","6","","37","1","386.1","24.47","","","","30.53","","36.84","","38.5","","35.91","","40.05","","38.64","","32.43","","33.22","","32.71","","42.8","","","","",""
"87","1980-01-01 00:00:00","12","nl-informal","yes","","5","5","5","5","5","5","5","1","3","2","5","3","5","5","1","2","1","5","3","5","5","1","3","3","5","3","5","5","1","3","3","5","3","5","5","1","1","1","1","1","1","1","1","1","1","5","1","1","5","1","3","3","5","1","5","5","5","5","5","5","5","5","5","60","male","","6","","37","1","839.18","91.37","","","","87.81","","89.15","","94.65","","62.15","","58.18","","104.49","","45.92","","106.26","","54.28","","44.92","","","","",""
"88","1980-01-01 00:00:00","12","nl-informal","yes","","5","5","5","5","4","5","5","2","3","2","3","1","5","5","3","3","3","3","3","3","3","1","1","1","1","2","1","5","4","4","4","4","4","4","4","1","1","1","1","1","1","5","1","1","1","1","2","1","5","2","2","2","2","2","2","5","5","5","5","5","5","5","5","42","femal","","5","","15","1","302.66","9.08","","","","47.97","","40.5","","19.79","","46.28","","34.47","","21.93","","24.14","","16.21","","17","","25.29","","","","",""
"89","1980-01-01 00:00:00","12","nl-informal","yes","","5","4","3","5","3","5","4","5","3","5","5","2","5","5","3","3","1","3","3","3","4","1","1","1","2","2","5","5","4","5","4","5","4","5","5","1","1","1","1","1","2","4","1","3","1","4","3","2","5","1","1","3","1","1","4","3","5","5","5","5","5","5","5","20","femal","","6","","54","1","936.58","185.3","","","","79.66","","49.47","","75.17","","34.55","","94.61","","176.9","","45.95","","71.29","","45.04","","78.64","","","","",""
"90","1980-01-01 00:00:00","12","nl-informal","yes","","4","4","4","3","3","4","4","1","3","2","3","3","3","4","3","3","3","3","3","3","4","1","1","1","1","1","1","4","4","4","4","4","3","4","4","1","1","1","1","1","1","3","2","2","1","3","3","2","4","1","1","1","1","1","2","4","4","4","4","4","3","4","4","51","femal","","5","","90","1","485.65","41.3","","","","64.21","","57.11","","30.96","","40.85","","33.54","","49.1","","35.76","","44.05","","48.44","","40.33","","","","",""
"91","","2","nl-informal","yes","","","","","","","","","","","","","","","","","","","","","","","","","","","","","","","","","","","","","","","","","","","","","","","","","","","","","","","","","","","","","","","","","","","","","","","","6.21","6.21","","","","","","","","","","","","","","","","","","","","","","","","","","",""
"92","","2","nl-informal","yes","","","","","","","","","","","","","","","","","","","","","","","","","","","","","","","","","","","","","","","","","","","","","","","","","","","","","","","","","","","","","","","","","","","","","","","","4.78","4.78","","","","","","","","","","","","","","","","","","","","","","","","","","",""
"93","1980-01-01 00:00:00","12","nl-informal","yes","","5","5","4","5","2","5","5","1","2","1","3","2","1","5","1","3","3","5","2","4","5","1","1","1","1","2","3","5","5","5","5","5","4","5","5","1","1","1","1","1","1","5","1","1","1","1","2","3","5","4","5","5","3","3","5","5","5","5","5","5","4","5","5","47","femal","","4","","37","1","464.81","37.53","","","","51.77","","47.34","","56.32","","35.56","","33.81","","30.46","","38.58","","40.61","","47.48","","45.35","","","","",""
"94","1980-01-01 00:00:00","12","nl-informal","yes","","5","5","5","4","1","5","5","1","2","1","3","2","5","5","1","1","1","3","1","5","5","2","1","2","2","3","5","5","3","4","4","4","3","5","5","1","1","1","1","1","5","5","4","4","4","4","3","5","5","5","5","5","3","4","5","5","5","5","5","5","5","5","5","50","femal","","5","","21","2","569.23","33.98","","","","55.18","","46.82","","114.67","","64.68","","27.53","","38.45","","40","","101.05","","20.66","","26.21","","","","",""
"95","1980-01-01 00:00:00","12","nl-informal","yes","","5","5","5","5","1","5","5","5","5","5","3","4","5","5","1","1","1","5","3","5","4","4","2","4","3","4","4","4","5","5","5","5","4","5","5","1","1","1","1","1","3","3","1","1","1","4","3","4","4","2","2","4","3","3","5","4","5","5","5","5","5","5","5","38","femal","","6","","10","1","466.74","51.25","","","","44.06","","53.62","","43.82","","47.6","","37.22","","39.27","","48.17","","48.36","","20.32","","33.05","","","","",""
"96","1980-01-01 00:00:00","12","nl-informal","yes","","5","5","3","3","3","5","5","3","3","3","3","2","5","5","1","3","3","3","3","5","5","5","3","3","3","3","5","5","4","4","4","4","4","5","5","1","1","1","1","1","1","5","1","3","3","3","2","5","4","1","1","2","1","2","4","4","5","5","5","4","4","5","5","31","male","","6","","20","1","400.45","14.89","","","","55.38","","26.46","","43.78","","41.33","","64.31","","32.59","","32.53","","34.9","","30.3","","23.98","","","","",""
"97","","","nl-informal","","","","","","","","","","","","","","","","","","","","","","","","","","","","","","","","","","","","","","","","","","","","","","","","","","","","","","","","","","","","","","","","","","","","","","","","","0","","","","","","","","","","","","","","","","","","","","","","","","","","","",""
"98","1980-01-01 00:00:00","12","nl-informal","yes","","5","2","1","3","1","5","3","2","3","2","3","1","5","5","2","3","2","3","1","5","5","1","1","1","1","1","5","5","3","3","1","4","1","3","5","1","2","1","1","1","1","1","1","3","3","3","1","2","2","3","3","3","3","1","5","5","5","5","3","5","1","5","5","26","male","","3","","37","1","448.04","9.4","","","","55.22","","40.35","","40.25","","34.61","","50.1","","44.92","","34.59","","41.03","","52.9","","44.67","","","","",""
"99","1980-01-01 00:00:00","12","nl-informal","yes","","3","4","2","2","2","4","2","1","1","1","5","3","5","5","4","4","4","4","3","4","4","2","2","2","2","3","2","5","2","5","4","5","3","4","4","1","1","1","1","3","1","4","1","1","1","2","3","1","4","4","2","5","2","3","4","4","5","5","5","5","3","5","5","41","femal","","6","","97","1","378.74","7.3","","","","43.37","","44.96","","25.1","","36.58","","45.8","","36.46","","38.56","","42.19","","25.07","","33.35","","","","",""
"100","1980-01-01 00:00:00","12","nl-informal","yes","","5","4","4","4","3","4","5","5","5","5","5","5","5","5","1","3","3","5","2","5","5","1","3","3","5","2","5","5","5","4","5","5","5","5","5","1","1","1","2","1","3","5","1","1","1","5","1","5","5","1","1","1","4","1","4","5","5","5","5","5","5","5","5","50","femal","","-oth-","WO bachelor","35","2","649.8","59.61","","","","78.31","","51.44","","58.15","","77.05","","37.03","","87.73","","35.28","","57.07","","44.79","","63.34","","","","",""
"101","1980-01-01 00:00:00","12","nl-informal","yes","","5","4","4","4","3","4","5","1","3","1","3","3","5","5","3","5","4","4","3","5","4","3","3","3","3","3","3","4","4","4","4","4","3","4","5","1","1","1","1","1","1","5","1","1","1","2","1","1","5","1","2","5","3","4","3","5","5","5","5","5","4","5","5","","","","","","","2","410.28","21.5","","","","45.43","","74.18","","42.83","","41.23","","32.92","","29.55","","27.89","","33.02","","30.38","","31.35","","","","",""
"102","1980-01-01 00:00:00","12","nl-informal","yes","","4","4","4","4","2","4","4","4","4","4","4","2","4","4","4","4","4","4","3","4","4","2","2","2","2","2","2","2","4","4","4","4","4","4","4","2","2","2","2","2","2","4","2","4","2","4","2","2","4","2","3","4","2","3","4","4","4","4","4","4","4","4","4","20","femal","","5","","57","2","273.66","13.26","","","","46.09","","12.37","","22.21","","26.57","","12.85","","32.82","","37.84","","26.32","","17.58","","25.75","","","","",""
"103","1980-01-01 00:00:00","12","nl-informal","yes","","5","5","4","4","4","5","5","5","5","5","5","3","5","5","5","5","5","5","4","5","5","1","1","1","1","2","1","5","3","5","3","3","3","4","4","1","1","1","1","1","1","5","1","4","2","3","3","3","5","3","3","4","3","3","4","4","5","5","5","5","4","5","5","20","femal","","5","","50","1","1588.77","39.48","","","","169.49","","178.7","","215.44","","91.17","","149.8","","166.44","","155.65","","136.45","","129.37","","156.78","","","","",""
"104","1980-01-01 00:00:00","12","nl-informal","yes","","5","5","5","5","2","5","4","1","3","2","4","3","3","4","1","3","1","3","2","4","4","1","1","1","1","1","5","4","3","3","4","4","4","4","4","1","1","1","1","1","2","3","1","1","1","3","1","1","1","1","3","2","4","2","5","5","5","5","5","5","5","5","5","39","femal","","6","","41","1","438.85","59.78","","","","56.47","","31.41","","44.31","","33.69","","31.62","","34.1","","39.45","","55.24","","19.21","","33.57","","","","",""
"105","1980-01-01 00:00:00","12","nl-informal","yes","","5","5","5","5","5","5","5","1","5","1","5","2","5","5","1","3","1","5","3","5","5","1","1","1","1","1","5","5","4","5","2","5","4","5","5","1","1","1","1","1","1","5","1","1","1","1","1","1","5","1","3","1","3","3","5","5","5","5","5","5","5","5","5","40","femal","","5","","35","1","334.84","6.05","","","","43.04","","31.72","","30.99","","32.93","","32.76","","27.5","","32.32","","36.01","","30.58","","30.94","","","","",""
"106","1980-01-01 00:00:00","12","nl-informal","yes","","5","4","4","4","4","4","4","1","1","1","3","3","5","5","1","1","1","1","1","1","5","1","1","1","1","1","5","5","5","5","5","5","1","5","5","1","1","1","1","1","1","5","1","3","3","4","3","1","5","1","1","1","1","1","5","5","5","5","5","5","5","5","5","54","femal","","6","","82","2","350.02","7.73","","","","22.82","","40.19","","40.94","","26.64","","34.51","","43.19","","37.81","","43.21","","32.07","","20.91","","","","",""
"107","1980-01-01 00:00:00","12","nl-informal","yes","","5","4","3","3","1","5","5","1","3","1","3","1","4","5","2","3","2","2","2","2","4","1","2","2","1","2","4","5","5","4","3","3","4","5","5","1","1","1","1","1","1","3","1","1","1","1","1","1","5","1","2","2","3","3","4","5","5","5","5","5","4","5","5","55","femal","","5","","36","1","426.01","6.55","","","","58.15","","39.95","","62.66","","34.69","","43.42","","49.36","","26.17","","43.03","","31.28","","30.75","","","","",""
"108","1980-01-01 00:00:00","12","nl-informal","yes","","5","5","4","4","1","5","5","5","5","5","5","3","5","5","3","5","4","5","3","5","5","1","1","1","1","3","4","5","1","3","3","5","3","5","5","1","1","1","1","1","4","5","1","1","1","5","1","3","5","2","4","3","2","3","4","5","5","5","5","5","5","5","5","45","femal","","5","","30","2","473.4","43.01","","","","57.9","","27.43","","33.79","","43.3","","70.5","","31.83","","37.89","","39.31","","47.16","","41.28","","","","",""
"109","1980-01-01 00:00:00","12","nl-informal","yes","","5","4","4","4","4","4","4","1","2","1","5","2","5","5","1","2","1","5","3","5","5","2","2","3","1","2","5","5","3","3","3","5","3","5","5","1","1","1","1","1","3","5","2","2","1","5","3","3","5","3","2","4","4","4","4","5","5","5","5","5","5","5","5","32","femal","","5","","18","1","396.72","6.95","","","","50.19","","27.36","","45.9","","43.15","","34.94","","28.13","","33.96","","66.64","","31.86","","27.64","","","","",""
"110","1980-01-01 00:00:00","12","nl-informal","yes","","5","2","2","3","3","5","5","5","5","5","3","5","5","5","5","5","5","5","5","5","5","4","4","4","2","4","4","5","2","3","1","4","2","4","5","1","1","1","1","1","1","5","1","1","1","3","1","1","3","1","3","2","1","1","5","5","5","5","5","5","5","5","5","39","femal","","5","","30","1","297.82","7.53","","","","39.83","","28.33","","21.55","","27.01","","43.76","","22.68","","29.54","","37.4","","14.25","","25.94","","","","",""
"111","1980-01-01 00:00:00","12","nl-informal","yes","","5","3","2","5","2","5","5","4","4","3","5","2","5","5","1","2","2","4","4","5","4","1","2","2","1","2","5","5","3","4","2","5","3","5","4","1","5","1","1","1","2","4","1","4","2","5","1","1","3","1","3","4","1","2","4","4","5","5","3","5","5","5","5","21","femal","","3","","97","1","367.2","19.4","","","","46.15","","48.42","","36.86","","32.2","","36.36","","33.22","","27.67","","45.45","","17.9","","23.57","","","","",""
"112","1980-01-01 00:00:00","12","nl-informal","yes","","5","5","3","5","2","5","5","1","5","5","4","2","5","5","2","3","3","3","3","3","5","1","1","1","1","1","5","5","1","4","3","3","3","2","5","1","1","1","1","1","1","5","1","3","2","3","2","3","5","4","5","5","4","3","5","5","5","5","5","5","5","5","5","24","femal","","5","","34","2","294.02","27.03","","","","41.29","","26.28","","25.62","","33.58","","26.98","","27.14","","27.52","","20.53","","15.33","","22.72","","","","",""
"113","1980-01-01 00:00:00","12","nl-informal","yes","","5","4","4","4","4","3","3","5","5","5","5","5","5","4","4","3","4","4","5","4","5","1","1","1","2","1","2","2","5","5","4","4","5","5","4","1","2","1","2","1","2","2","2","2","2","3","2","2","3","4","4","5","5","4","4","4","4","3","4","4","5","4","4","31","male","","5","","54","1","140.71","5.84","","","","14.61","","30.53","","8.25","","9.85","","10.31","","9.99","","9.5","","10.63","","9.58","","21.62","","","","",""
"114","1980-01-01 00:00:00","12","nl-informal","yes","","5","3","4","5","1","5","5","1","1","1","3","1","5","5","5","5","5","5","3","5","5","3","1","3","1","1","5","5","2","5","3","5","1","5","5","1","1","1","1","1","1","5","2","2","1","5","1","4","5","1","1","3","2","1","5","5","5","5","5","5","5","5","5","28","femal","","6","","25","1","423.31","32.61","","","","50.34","","37.77","","39.97","","27.11","","29.1","","45.5","","80.87","","22.39","","23.36","","34.29","","","","",""
"115","","","nl-informal","","","","","","","","","","","","","","","","","","","","","","","","","","","","","","","","","","","","","","","","","","","","","","","","","","","","","","","","","","","","","","","","","","","","","","","","","0","","","","","","","","","","","","","","","","","","","","","","","","","","","",""
"116","1980-01-01 00:00:00","12","nl-informal","yes","","5","5","5","5","5","5","5","5","5","5","5","5","5","5","1","5","5","5","5","1","1","1","3","3","3","3","4","5","1","5","3","5","1","1","1","1","1","1","1","1","1","5","1","5","3","5","5","2","5","1","1","1","1","1","4","5","5","5","5","5","5","5","5","36","femal","","5","","22","1","449.02","35.3","","","","47.56","","38.88","","45.9","","41.39","","44.4","","54.01","","43.64","","43.22","","31","","23.72","","","","",""
"117","1980-01-01 00:00:00","12","nl-informal","yes","","5","5","3","4","2","5","4","5","3","3","3","2","5","5","1","3","2","3","2","4","4","1","1","1","2","2","4","4","4","4","4","4","4","5","5","1","1","1","1","1","1","4","1","1","1","1","1","1","5","2","2","4","2","2","5","5","5","4","4","4","5","5","5","37","male","","3","","97","1","1471.83","202.41","","","","60.82","","678.62","","82.64","","56.64","","43.47","","47.88","","38.94","","94.8","","57.2","","108.41","","","","",""
"118","1980-01-01 00:00:00","12","nl-informal","yes","","5","4","4","4","3","5","4","4","4","2","3","3","2","4","1","1","1","3","3","1","5","1","1","1","1","5","4","1","4","2","2","3","3","2","3","1","1","1","1","3","1","5","1","1","1","1","3","1","3","1","3","3","3","3","2","2","5","5","5","3","3","5","5","60","femal","","5","","51","1","630.24","8.55","","","","84.4","","65.34","","37.93","","86.7","","75.29","","43.46","","49.14","","97.47","","28.68","","53.28","","","","",""
"119","1980-01-01 00:00:00","12","nl-informal","yes","","5","4","4","4","3","5","5","4","4","2","2","2","4","4","5","5","5","5","3","5","5","5","5","5","4","2","4","4","4","4","4","4","4","4","4","1","2","1","1","1","1","5","1","1","1","1","1","1","5","5","5","5","5","4","5","5","5","5","5","5","5","5","5","22","male","","5","","69","2","220.2","3.99","","","","38.54","","12.11","","10.11","","13.5","","19.21","","31.11","","27.98","","35.31","","6.3","","22.04","","","","",""
"120","1980-01-01 00:00:00","12","nl-informal","yes","","4","4","3","4","4","5","3","1","3","3","3","2","5","5","1","3","3","3","2","4","4","2","3","3","2","2","4","4","3","4","3","4","3","5","4","1","1","1","1","1","1","2","1","3","3","5","1","3","5","2","3","3","2","2","4","4","5","5","5","5","5","5","5","28","male","","5","","61","1","669.19","30.42","","","","57.14","","51.08","","53.5","","52.63","","61.07","","40.83","","28.37","","240.4","","26.97","","26.78","","","","",""
"121","1980-01-01 00:00:00","12","nl-informal","yes","","5","4","3","5","2","5","5","5","5","5","5","2","5","5","5","5","3","5","3","4","4","4","1","2","1","3","5","5","1","5","3","5","3","5","5","1","1","1","1","2","1","5","1","5","3","5","2","3","5","1","1","5","1","2","4","2","4","5","4","5","2","5","5","18","femal","","3","","60","1","431.64","14.52","","","","68.34","","36.92","","37.9","","39.3","","33.88","","31.67","","42.22","","35.26","","36.12","","55.51","","","","",""
"122","1980-01-01 00:00:00","12","nl-informal","yes","","5","4","4","5","2","5","5","4","5","5","5","4","5","5","1","3","1","5","1","1","5","1","1","1","2","1","2","5","1","5","5","5","1","1","2","1","1","1","1","1","1","5","1","2","2","5","4","4","5","2","3","3","4","3","5","5","5","5","5","5","5","5","5","44","femal","","5","","33","1","317.14","22.26","","","","38.98","","25.49","","24.78","","31.05","","31.54","","21.15","","29.12","","38.26","","22.86","","31.65","","","","",""
"123","1980-01-01 00:00:00","12","nl-informal","yes","","5","5","3","4","1","4","3","2","3","2","3","3","4","4","3","4","3","4","3","4","4","2","2","2","2","2","5","4","2","4","3","4","3","4","4","1","1","1","1","2","3","5","1","2","2","3","2","2","5","4","3","4","4","3","3","4","4","5","4","4","3","5","4","23","femal","","6","","15","2","887.79","12.67","","","","126.26","","82.84","","54.26","","216.74","","46.85","","72.57","","118.27","","44.98","","70.39","","41.96","","","","",""
"124","1980-01-01 00:00:00","12","nl-informal","yes","","5","5","5","5","3","5","5","2","3","2","4","1","5","5","5","5","4","5","5","4","4","1","1","1","1","4","2","5","2","3","2","4","2","4","4","1","1","1","1","1","2","5","2","5","4","5","2","2","4","2","3","4","2","4","4","5","4","5","4","5","4","4","5","18","femal","","3","","55","1","667.59","56.1","","","","61.01","","184.33","","46.02","","27.56","","40.37","","49.91","","43.9","","60.22","","40.66","","57.51","","","","",""
"125","1980-01-01 00:00:00","12","nl-informal","yes","","5","5","5","5","4","5","5","3","4","4","5","3","4","5","4","5","3","5","4","5","5","3","3","3","1","2","4","5","4","4","4","5","3","5","5","1","1","1","1","1","4","5","1","3","2","5","2","2","5","4","5","5","2","3","3","5","5","5","5","5","5","5","5","22","femal","","5","","48","2","339.21","6.38","","","","75.54","","26.56","","21.96","","23.46","","63.95","","26.62","","25.05","","23.37","","22.57","","23.75","","","","",""
"126","1980-01-01 00:00:00","12","nl-informal","yes","","5","4","4","5","3","5","5","1","3","2","3","2","4","5","4","4","3","5","4","5","3","2","2","2","1","3","2","4","4","5","3","5","4","4","4","1","1","1","1","1","1","3","1","4","3","5","2","2","4","3","3","4","2","3","4","5","5","5","5","5","5","5","5","19","femal","","5","","","1","563.26","17.84","","","","58.93","","61.87","","43.98","","55.9","","38.58","","63.34","","68.02","","45.67","","65.27","","43.86","","","","",""
"127","1980-01-01 00:00:00","12","nl-informal","yes","","5","5","3","4","2","5","4","5","5","5","5","3","5","5","5","5","3","5","5","5","5","1","4","4","1","3","5","5","5","5","3","5","3","5","5","1","1","1","1","2","5","5","1","3","1","5","3","4","5","3","3","3","3","4","3","5","5","5","3","5","4","5","5","18","male","","3","","60","1","1836.26","32.12","","","","115.87","","22.56","","23.9","","33.84","","46.34","","1240.41","","45.26","","36.19","","77.08","","162.69","","","","",""
"128","1980-01-01 00:00:00","12","nl-informal","yes","","5","4","4","4","4","4","3","5","5","5","5","3","5","5","3","4","3","3","3","3","4","1","3","2","1","4","5","5","4","4","4","4","4","5","4","1","1","1","1","1","3","5","1","4","4","5","3","5","5","1","3","2","3","1","4","5","5","4","3","4","3","5","5","18","male","","3","","60","1","3118.88","6.26","","","","11.61","","17.89","","9.59","","25.58","","2941.6","","15.15","","20.14","","20.69","","15.89","","34.48","","","","",""
"129","1980-01-01 00:00:00","12","nl-informal","yes","","5","3","3","5","1","5","5","5","5","5","5","5","5","5","4","5","3","5","5","5","5","1","1","1","1","2","5","5","5","5","5","5","5","5","5","1","1","1","1","1","1","5","1","3","1","5","1","3","5","1","2","3","4","3","5","5","5","5","5","5","5","5","5","21","male","","5","","56","1","420.86","5.62","","","","87.16","","34.34","","41.83","","40.31","","53.72","","30.52","","36.4","","42.27","","14.98","","33.71","","","","",""
"130","1980-01-01 00:00:00","12","nl-informal","yes","","5","5","4","5","1","5","5","1","2","1","5","3","5","5","4","4","3","5","3","5","5","2","2","2","1","3","5","5","4","4","4","5","3","5","5","1","1","1","1","1","3","5","1","5","2","5","2","4","5","2","3","5","5","2","5","5","5","5","5","5","4","5","5","22","male","","3","","59","2","392.72","12.39","","","","67.75","","44.51","","25.61","","29.61","","29.08","","36.44","","52.47","","54.95","","17.51","","22.4","","","","",""
"131","1980-01-01 00:00:00","12","nl-informal","yes","","5","5","5","5","5","5","5","2","3","3","3","3","4","5","1","2","2","4","5","3","5","1","1","1","1","2","1","5","5","5","5","5","4","5","5","1","1","1","5","1","1","5","1","1","1","1","1","1","5","3","4","4","4","2","4","5","5","5","5","5","5","5","5","21","femal","","3","","55","1","573.05","7.98","","","","22.4","","41.8","","54.34","","42.32","","40.2","","43.43","","25.34","","229.44","","42.03","","23.77","","","","",""
"132","1980-01-01 00:00:00","12","nl-informal","yes","","5","5","4","5","3","5","5","1","1","1","3","2","4","5","1","2","2","1","2","4","5","1","1","1","1","1","1","5","5","5","5","4","4","5","5","1","1","1","1","1","1","5","1","1","1","5","2","1","5","1","1","3","3","2","2","5","5","5","5","5","5","5","5","50","femal","","5","","80","1","921.19","40.69","","","","78.17","","69.57","","112.14","","71.87","","102.74","","94.7","","51.82","","138.38","","63.55","","97.56","","","","",""
"133","1980-01-01 00:00:00","12","nl-informal","yes","","5","4","2","5","2","5","5","5","5","5","5","2","5","5","5","5","5","5","5","5","5","4","2","3","2","4","5","5","4","4","3","5","2","4","5","1","1","1","1","1","2","5","1","1","1","3","1","1","5","2","3","4","1","1","5","4","5","5","5","5","5","5","5","18","male","","5","","60","2","865.74","3.92","","","","48.11","","48.44","","42.96","","51.88","","111.49","","250.25","","48.73","","55.03","","25.03","","179.9","","","","",""
"134","1980-01-01 00:00:00","12","nl-informal","yes","","3","4","4","2","3","4","3","1","4","1","2","3","2","3","2","2","2","2","2","4","5","1","1","1","1","1","3","5","2","3","2","5","2","5","5","1","1","1","1","1","4","5","1","2","3","2","3","5","5","3","4","3","4","3","5","5","5","5","5","5","5","5","5","24","male","","6","","17","1","341.01","22.62","","","","35.7","","33.67","","51.04","","46.5","","26.03","","22.31","","23.72","","12.43","","20.3","","46.69","","","","",""
"135","1980-01-01 00:00:00","12","nl-informal","yes","","4","3","3","3","1","4","5","2","3","2","3","3","5","5","1","2","1","3","3","4","5","2","3","2","3","3","4","4","4","4","4","3","3","5","5","1","1","1","1","3","1","5","1","3","3","3","3","4","5","3","3","4","3","3","4","5","5","5","5","5","3","5","5","34","femal","","5","","89","1","573","45.05","","","","78.86","","48.07","","45.36","","41.49","","74.14","","52.72","","48.1","","37.55","","48.19","","53.47","","","","",""
"136","1980-01-01 00:00:00","12","nl-informal","yes","","4","4","3","5","2","5","5","5","5","5","5","2","5","5","1","3","1","3","4","5","5","2","1","1","2","3","5","5","4","4","4","4","4","4","5","1","1","1","1","1","4","5","1","5","1","5","1","2","2","1","3","5","3","4","5","5","4","5","5","5","5","5","5","20","femal","","6","","67","1","223.75","7.09","","","","25.1","","22.53","","22.53","","21.83","","13.8","","18.54","","19.32","","27.44","","18.14","","27.43","","","","",""
"137","","","nl-informal","","","","","","","","","","","","","","","","","","","","","","","","","","","","","","","","","","","","","","","","","","","","","","","","","","","","","","","","","","","","","","","","","","","","","","","","","0","","","","","","","","","","","","","","","","","","","","","","","","","","","",""
"138","1980-01-01 00:00:00","12","nl-informal","yes","","5","3","2","4","2","4","1","2","4","3","3","3","5","5","5","4","3","4","4","4","4","3","2","3","2","4","3","4","4","3","4","5","3","5","5","1","1","1","1","1","1","3","1","4","3","5","2","4","5","2","3","5","2","2","4","4","5","5","3","4","4","5","5","20","femal","","3","","","1","780.71","34.91","","","","108.23","","50.28","","111.95","","123.55","","72.46","","73.27","","57.08","","55.15","","51.05","","42.78","","","","",""
"139","1980-01-01 00:00:00","12","nl-informal","yes","","5","5","4","5","2","5","5","1","4","1","5","2","2","5","2","4","5","5","3","5","5","3","3","3","3","3","5","4","4","5","5","5","4","5","4","1","1","1","1","2","1","3","1","1","1","5","2","2","5","2","4","4","3","3","4","4","5","5","5","5","4","5","4","37","femal","","6","","50","1","414.15","50.52","","","","42.57","","32.59","","45.46","","28.04","","38.04","","33.3","","26.16","","46.19","","29.56","","41.72","","","","",""
"140","1980-01-01 00:00:00","12","nl-informal","yes","","5","3","3","5","3","5","5","1","3","2","3","2","5","5","3","4","2","4","3","4","5","4","4","4","3","4","3","5","4","4","4","5","4","4","5","1","1","1","1","2","1","5","1","1","1","3","2","3","5","2","1","3","1","2","4","5","5","5","5","5","5","5","5","22","femal","","5","","10","1","1159.42","9.96","","","","84.23","","48.97","","48.27","","62.25","","54.97","","649.93","","56.42","","59.96","","29.66","","54.8","","","","",""
"141","1980-01-01 00:00:00","12","nl-informal","yes","","5","3","2","5","5","5","2","1","3","1","4","1","4","5","2","2","2","3","4","5","1","5","2","3","1","3","5","5","2","5","4","5","2","5","5","1","1","1","1","1","1","5","2","4","2","1","1","5","5","3","2","5","3","1","5","5","5","5","5","5","5","5","5","20","femal","","5","","56","1","415.94","14.14","","","","47.18","","59.78","","47.96","","48.03","","34.71","","24.65","","37.88","","36.69","","23.5","","41.42","","","","",""
"142","1980-01-01 00:00:00","12","nl-informal","yes","","5","4","3","4","4","5","4","5","5","5","5","1","5","5","4","4","4","3","4","5","4","5","5","4","2","5","4","5","4","4","3","5","2","3","3","5","5","1","1","2","2","5","2","4","2","4","1","5","4","3","3","3","2","4","3","4","5","5","5","5","5","5","5","18","male","","5","","56","1","537.06","7.68","","","","72.28","","31.67","","33.15","","32.9","","202.99","","52.25","","49.95","","18.3","","13.57","","22.32","","","","",""
"143","1980-01-01 00:00:00","12","nl-informal","yes","","5","4","4","4","3","5","5","4","5","5","5","4","5","5","1","2","1","2","1","1","2","2","2","4","2","2","2","5","4","5","2","4","3","4","3","1","1","1","1","1","1","1","1","3","5","4","1","1","2","4","5","5","1","4","4","5","5","5","5","5","5","5","5","23","femal","","-oth-","Belgische professionele bachelor opleiding","25","1","670.57","103.76","","","","73.92","","72.01","","48.07","","78.08","","73.13","","25.21","","50.33","","37.27","","28.58","","80.21","","","","",""
"144","1980-01-01 00:00:00","12","nl-informal","yes","","5","4","3","5","3","5","3","1","3","2","3","3","4","5","4","4","4","5","4","5","5","5","3","3","2","4","5","5","1","5","3","5","1","1","5","5","5","1","1","1","4","5","1","1","3","3","1","5","5","4","3","3","3","3","4","4","5","5","5","5","4","5","5","18","male","","5","","57","2","444.07","26.03","","","","58.88","","47.35","","37.24","","25.59","","33.04","","39.33","","37.39","","57.41","","61.31","","20.5","","","","",""
"145","1980-01-01 00:00:00","12","nl-informal","yes","","3","3","3","4","2","2","1","1","1","1","4","2","1","5","5","5","4","4","4","5","4","2","2","2","1","3","4","5","4","5","4","5","4","5","3","1","1","1","1","1","1","2","1","1","1","4","1","1","4","3","5","5","1","3","4","3","5","5","5","5","3","5","2","18","femal","","5","","56","2","520.32","52.91","","","","89.96","","31.66","","56.48","","46.45","","48.33","","61.65","","39.3","","42.13","","19.69","","31.76","","","","",""
"146","1980-01-01 00:00:00","12","nl-informal","yes","","5","5","5","5","2","5","5","1","1","1","5","3","5","5","1","2","2","5","3","4","4","4","2","5","3","4","5","5","2","4","2","5","4","5","5","1","1","1","1","1","2","5","1","1","1","4","2","2","4","2","3","4","4","4","5","5","5","5","5","5","5","5","5","","femal","","6","","35","1","2703.43","2317.81","","","","54.61","","31.62","","39.31","","50.61","","38.86","","34.94","","43.51","","42.38","","23.23","","26.55","","","","",""
"147","1980-01-01 00:00:00","12","nl-informal","yes","","5","3","3","5","3","5","5","1","2","1","3","2","5","5","2","5","3","5","3","5","5","2","2","2","1","4","5","5","3","4","3","5","4","5","5","1","1","1","1","2","2","5","1","1","1","3","1","1","5","1","2","3","1","2","5","5","5","5","4","5","4","5","5","56","femal","","6","","37","2","1854.51","19.38","","","","39.62","","1553.53","","29.79","","33.34","","32.75","","35.42","","28.56","","26.77","","35.34","","20.01","","","","",""
"148","1980-01-01 00:00:00","12","nl-informal","yes","","5","5","5","5","1","5","5","1","5","1","3","1","5","5","3","5","3","5","3","5","5","4","3","5","2","3","5","5","4","5","3","5","4","5","5","1","1","1","1","1","1","5","1","5","1","5","1","3","5","1","2","3","2","1","5","5","5","5","5","5","5","5","5","43","femal","","6","","75","1","429.91","8.05","","","","57.56","","48.05","","48.8","","36.99","","47.6","","46.08","","39.45","","45.32","","18.15","","33.86","","","","",""
"149","1980-01-01 00:00:00","12","nl-informal","yes","","5","3","3","5","4","5","5","4","4","4","5","2","5","5","4","4","3","5","4","5","4","1","1","1","1","3","4","5","3","4","4","4","3","4","4","1","1","1","1","1","1","5","1","3","3","4","2","2","4","4","4","4","3","3","4","4","5","5","4","5","5","5","5","18","femal","","3","","60","1","429.09","28.08","","","","43.48","","62.17","","42.76","","33.51","","28.36","","82.6","","35.43","","25.89","","22.65","","24.16","","","","",""
"150","1980-01-01 00:00:00","12","nl-informal","yes","","5","3","3","5","1","5","5","1","1","1","3","1","1","5","5","5","5","5","5","5","5","1","1","1","1","3","1","5","3","3","3","4","3","3","5","1","1","1","1","1","1","5","1","1","1","1","1","1","5","4","3","5","1","3","5","5","5","5","5","5","4","5","5","18","femal","","3","","52","1","1161.53","874.74","","","","71.22","","25.91","","19.37","","21.1","","22.72","","28.88","","15.09","","27.52","","28.07","","26.91","","","","",""
"151","1980-01-01 00:00:00","12","nl-informal","yes","","5","5","4","3","4","3","3","1","1","1","3","3","1","5","2","4","4","5","3","5","3","2","3","3","3","3","4","3","5","4","5","5","3","5","5","1","5","5","1","1","1","3","1","1","1","5","3","1","5","5","4","4","5","3","5","5","5","5","5","5","5","5","5","43","male","","5","","84","2","377.03","6.68","","","","27.63","","41.63","","48.36","","49.1","","45.54","","35.58","","32.99","","52.98","","19.79","","16.75","","","","",""
"152","1980-01-01 00:00:00","12","nl-informal","yes","","5","4","4","4","3","5","5","5","5","5","5","2","5","5","5","5","4","5","3","5","5","1","1","1","1","1","1","5","1","3","3","5","3","5","5","1","1","1","1","1","1","5","1","3","3","4","3","1","5","3","3","3","3","3","4","5","5","5","5","5","5","5","5","45","femal","","4","","30","2","297.99","7.54","","","","35.92","","18.92","","27.24","","20.04","","44.81","","12.63","","35.45","","31.65","","30.98","","32.81","","","","",""

